-- Категории

INSERT INTO categories (name) VALUES

('Футбол'),
('Баскетбол'),
('Бокс'),
('Теннис'),
('Формула-1'),
('Хоккей'),
('Олимпийские игры');


-- Пользователи

INSERT INTO users (email, username, password) VALUES

('sportfan1@example.com', 'sportfan1', '$2b$12$Cm4/O0HObp2AtiYeQ9FQl.KwfiqqutcK6uEzHe9Nz0uLhYz1AiunC'),
('sportfan2@example.com', 'sportfan2', '$2b$12$Cm4/O0HObp2AtiYeQ9FQl.KwfiqqutcK6uEzHe9Nz0uLhYz1AiunC'),
('sportfan3@example.com', 'sportfan3', '$2b$12$Cm4/O0HObp2AtiYeQ9FQl.KwfiqqutcK6uEzHe9Nz0uLhYz1AiunC'),
('sportfan4@example.com', 'sportfan4', '$2b$12$Cm4/O0HObp2AtiYeQ9FQl.KwfiqqutcK6uEzHe9Nz0uLhYz1AiunC'),
('sportfan5@example.com', 'sportfan5', '$2b$12$Cm4/O0HObp2AtiYeQ9FQl.KwfiqqutcK6uEzHe9Nz0uLhYz1AiunC'),
('sportfan6@example.com', 'sportfan6', '$2b$12$Cm4/O0HObp2AtiYeQ9FQl.KwfiqqutcK6uEzHe9Nz0uLhYz1AiunC'),
('sportfan7@example.com', 'sportfan7', '$2b$12$Cm4/O0HObp2AtiYeQ9FQl.KwfiqqutcK6uEzHe9Nz0uLhYz1AiunC'),
('sportfan8@example.com', 'sportfan8', '$2b$12$Cm4/O0HObp2AtiYeQ9FQl.KwfiqqutcK6uEzHe9Nz0uLhYz1AiunC'),
('sportfan9@example.com', 'sportfan9', '$2b$12$Cm4/O0HObp2AtiYeQ9FQl.KwfiqqutcK6uEzHe9Nz0uLhYz1AiunC'),
('sportfan10@example.com', 'sportfan10', '$2b$12$Cm4/O0HObp2AtiYeQ9FQl.KwfiqqutcK6uEzHe9Nz0uLhYz1AiunC'),
('sportfan11@example.com', 'sportfan11', '$2b$12$Cm4/O0HObp2AtiYeQ9FQl.KwfiqqutcK6uEzHe9Nz0uLhYz1AiunC'),
('sportfan12@example.com', 'sportfan12', '$2b$12$Cm4/O0HObp2AtiYeQ9FQl.KwfiqqutcK6uEzHe9Nz0uLhYz1AiunC'),
('sportfan13@example.com', 'sportfan13', '$2b$12$Cm4/O0HObp2AtiYeQ9FQl.KwfiqqutcK6uEzHe9Nz0uLhYz1AiunC'),
('sportfan14@example.com', 'sportfan14', '$2b$12$Cm4/O0HObp2AtiYeQ9FQl.KwfiqqutcK6uEzHe9Nz0uLhYz1AiunC'),
('sportfan15@example.com', 'sportfan15', '$2b$12$Cm4/O0HObp2AtiYeQ9FQl.KwfiqqutcK6uEzHe9Nz0uLhYz1AiunC'),
('sportfan16@example.com', 'sportfan16', '$2b$12$Cm4/O0HObp2AtiYeQ9FQl.KwfiqqutcK6uEzHe9Nz0uLhYz1AiunC'),
('sportfan17@example.com', 'sportfan17', '$2b$12$Cm4/O0HObp2AtiYeQ9FQl.KwfiqqutcK6uEzHe9Nz0uLhYz1AiunC'),
('sportfan18@example.com', 'sportfan18', '$2b$12$Cm4/O0HObp2AtiYeQ9FQl.KwfiqqutcK6uEzHe9Nz0uLhYz1AiunC'),
('sportfan19@example.com', 'sportfan19', '$2b$12$Cm4/O0HObp2AtiYeQ9FQl.KwfiqqutcK6uEzHe9Nz0uLhYz1AiunC'),
('sportfan20@example.com', 'sportfan20', '$2b$12$Cm4/O0HObp2AtiYeQ9FQl.KwfiqqutcK6uEzHe9Nz0uLhYz1AiunC'),
('sportfan21@example.com', 'sportfan21', '$2b$12$Cm4/O0HObp2AtiYeQ9FQl.KwfiqqutcK6uEzHe9Nz0uLhYz1AiunC'),
('sportfan22@example.com', 'sportfan22', '$2b$12$Cm4/O0HObp2AtiYeQ9FQl.KwfiqqutcK6uEzHe9Nz0uLhYz1AiunC'),
('sportfan23@example.com', 'sportfan23', '$2b$12$Cm4/O0HObp2AtiYeQ9FQl.KwfiqqutcK6uEzHe9Nz0uLhYz1AiunC'),
('sportfan24@example.com', 'sportfan24', '$2b$12$Cm4/O0HObp2AtiYeQ9FQl.KwfiqqutcK6uEzHe9Nz0uLhYz1AiunC'),
('sportfan25@example.com', 'sportfan25', '$2b$12$Cm4/O0HObp2AtiYeQ9FQl.KwfiqqutcK6uEzHe9Nz0uLhYz1AiunC'),
('sportfan26@example.com', 'sportfan26', '$2b$12$Cm4/O0HObp2AtiYeQ9FQl.KwfiqqutcK6uEzHe9Nz0uLhYz1AiunC'),
('sportfan27@example.com', 'sportfan27', '$2b$12$Cm4/O0HObp2AtiYeQ9FQl.KwfiqqutcK6uEzHe9Nz0uLhYz1AiunC'),
('sportfan28@example.com', 'sportfan28', '$2b$12$Cm4/O0HObp2AtiYeQ9FQl.KwfiqqutcK6uEzHe9Nz0uLhYz1AiunC'),
('sportfan29@example.com', 'sportfan29', '$2b$12$Cm4/O0HObp2AtiYeQ9FQl.KwfiqqutcK6uEzHe9Nz0uLhYz1AiunC'),
('sportfan30@example.com', 'sportfan30', '$2b$12$Cm4/O0HObp2AtiYeQ9FQl.KwfiqqutcK6uEzHe9Nz0uLhYz1AiunC'),
('sportfan31@example.com', 'sportfan31', '$2b$12$Cm4/O0HObp2AtiYeQ9FQl.KwfiqqutcK6uEzHe9Nz0uLhYz1AiunC'),
('sportfan32@example.com', 'sportfan32', '$2b$12$Cm4/O0HObp2AtiYeQ9FQl.KwfiqqutcK6uEzHe9Nz0uLhYz1AiunC'),
('sportfan33@example.com', 'sportfan33', '$2b$12$Cm4/O0HObp2AtiYeQ9FQl.KwfiqqutcK6uEzHe9Nz0uLhYz1AiunC'),
('sportfan34@example.com', 'sportfan34', '$2b$12$Cm4/O0HObp2AtiYeQ9FQl.KwfiqqutcK6uEzHe9Nz0uLhYz1AiunC'),
('sportfan35@example.com', 'sportfan35', '$2b$12$Cm4/O0HObp2AtiYeQ9FQl.KwfiqqutcK6uEzHe9Nz0uLhYz1AiunC'),
('sportfan36@example.com', 'sportfan36', '$2b$12$Cm4/O0HObp2AtiYeQ9FQl.KwfiqqutcK6uEzHe9Nz0uLhYz1AiunC'),
('sportfan37@example.com', 'sportfan37', '$2b$12$Cm4/O0HObp2AtiYeQ9FQl.KwfiqqutcK6uEzHe9Nz0uLhYz1AiunC'),
('sportfan38@example.com', 'sportfan38', '$2b$12$Cm4/O0HObp2AtiYeQ9FQl.KwfiqqutcK6uEzHe9Nz0uLhYz1AiunC'),
('sportfan39@example.com', 'sportfan39', '$2b$12$Cm4/O0HObp2AtiYeQ9FQl.KwfiqqutcK6uEzHe9Nz0uLhYz1AiunC'),
('sportfan40@example.com', 'sportfan40', '$2b$12$Cm4/O0HObp2AtiYeQ9FQl.KwfiqqutcK6uEzHe9Nz0uLhYz1AiunC'),
('sportfan41@example.com', 'sportfan41', '$2b$12$Cm4/O0HObp2AtiYeQ9FQl.KwfiqqutcK6uEzHe9Nz0uLhYz1AiunC'),
('sportfan42@example.com', 'sportfan42', '$2b$12$Cm4/O0HObp2AtiYeQ9FQl.KwfiqqutcK6uEzHe9Nz0uLhYz1AiunC'),
('sportfan43@example.com', 'sportfan43', '$2b$12$Cm4/O0HObp2AtiYeQ9FQl.KwfiqqutcK6uEzHe9Nz0uLhYz1AiunC'),
('sportfan44@example.com', 'sportfan44', '$2b$12$Cm4/O0HObp2AtiYeQ9FQl.KwfiqqutcK6uEzHe9Nz0uLhYz1AiunC'),
('sportfan45@example.com', 'sportfan45', '$2b$12$Cm4/O0HObp2AtiYeQ9FQl.KwfiqqutcK6uEzHe9Nz0uLhYz1AiunC'),
('sportfan46@example.com', 'sportfan46', '$2b$12$Cm4/O0HObp2AtiYeQ9FQl.KwfiqqutcK6uEzHe9Nz0uLhYz1AiunC'),
('sportfan47@example.com', 'sportfan47', '$2b$12$Cm4/O0HObp2AtiYeQ9FQl.KwfiqqutcK6uEzHe9Nz0uLhYz1AiunC'),
('sportfan48@example.com', 'sportfan48', '$2b$12$Cm4/O0HObp2AtiYeQ9FQl.KwfiqqutcK6uEzHe9Nz0uLhYz1AiunC'),
('sportfan49@example.com', 'sportfan49', '$2b$12$Cm4/O0HObp2AtiYeQ9FQl.KwfiqqutcK6uEzHe9Nz0uLhYz1AiunC'),
('sportfan50@example.com', 'sportfan50', '$2b$12$Cm4/O0HObp2AtiYeQ9FQl.KwfiqqutcK6uEzHe9Nz0uLhYz1AiunC');


-- Посты

INSERT INTO posts (user_id, title, content, created_at) VALUES

(18, 'Олимпиада 2028: чего ждать от сборной?', 'Сборная активно готовится к Олимпиаде — новые имена, обновлённый тренерский состав и амбиции побороться за медали. Вопрос в том, хватит ли сил дойти до пьедестала.', '2025-05-15T20:13:35.502782'),
(30, 'Возвращение легенды в ринг: эмоции и реалии', 'Сборная активно готовится к Олимпиаде — новые имена, обновлённый тренерский состав и амбиции побороться за медали. Вопрос в том, хватит ли сил дойти до пьедестала.', '2025-06-05T10:33:35.502782'),
(3, 'Неожиданные герои НБА: как новички меняют игру', 'Битва титанов продолжается — Феррари и Ред Булл меняются местами в турнирной таблице, но борьба за лидерство только накаляется.', '2025-04-29T21:24:35.502782'),
(6, 'Олимпиада 2028: чего ждать от сборной?', 'Старый чемпион вернулся в ринг и показал, что класс не теряется с годами. Несмотря на перерыв, он выдал зрелищный бой и вновь стал героем фанатов.', '2025-04-22T05:31:35.502782'),
(7, 'Олимпиада 2028: чего ждать от сборной?', 'КХЛ стартовала ярко: неожиданные победы, громкие трансферы и надежда на реванш для тех, кто остался в тени в прошлом сезоне.', '2025-04-19T13:00:35.502782'),
(34, 'Ролан Гаррос 2025: кто удивил публику?', 'Битва титанов продолжается — Феррари и Ред Булл меняются местами в турнирной таблице, но борьба за лидерство только накаляется.', '2025-04-21T13:16:35.502782'),
(43, 'Почему Лига чемпионов остаётся лучшим турниром?', 'Сборная активно готовится к Олимпиаде — новые имена, обновлённый тренерский состав и амбиции побороться за медали. Вопрос в том, хватит ли сил дойти до пьедестала.', '2025-05-11T06:19:35.502782'),
(31, 'Почему Лига чемпионов остаётся лучшим турниром?', 'Молодые игроки в НБА демонстрируют зрелую игру, захватывающие матчи и уверенность, которой позавидуют ветераны. Будущее лиги выглядит многообещающим!', '2025-05-18T21:34:35.502782'),
(48, 'Ролан Гаррос 2025: кто удивил публику?', 'Сборная активно готовится к Олимпиаде — новые имена, обновлённый тренерский состав и амбиции побороться за медали. Вопрос в том, хватит ли сил дойти до пьедестала.', '2025-05-27T13:28:35.502782'),
(24, 'КХЛ: новый сезон, новые надежды', 'Молодые игроки в НБА демонстрируют зрелую игру, захватывающие матчи и уверенность, которой позавидуют ветераны. Будущее лиги выглядит многообещающим!', '2025-06-14T09:47:35.502782'),
(22, 'Олимпиада 2028: чего ждать от сборной?', 'Каждый год Лига чемпионов удивляет нас драматичными матчами, потрясающей атмосферой и настоящим футболом высокого уровня. Команды выкладываются по максимуму, и именно здесь рождаются новые легенды.', '2025-05-10T23:35:35.502782'),
(44, 'КХЛ: новый сезон, новые надежды', 'КХЛ стартовала ярко: неожиданные победы, громкие трансферы и надежда на реванш для тех, кто остался в тени в прошлом сезоне.', '2025-05-29T17:58:35.502782'),
(30, 'КХЛ: новый сезон, новые надежды', 'Старый чемпион вернулся в ринг и показал, что класс не теряется с годами. Несмотря на перерыв, он выдал зрелищный бой и вновь стал героем фанатов.', '2025-04-24T12:23:35.502782'),
(48, 'КХЛ: новый сезон, новые надежды', 'Битва титанов продолжается — Феррари и Ред Булл меняются местами в турнирной таблице, но борьба за лидерство только накаляется.', '2025-05-15T11:05:35.502782'),
(24, 'Почему Лига чемпионов остаётся лучшим турниром?', 'КХЛ стартовала ярко: неожиданные победы, громкие трансферы и надежда на реванш для тех, кто остался в тени в прошлом сезоне.', '2025-05-20T04:13:35.502782'),
(4, 'Олимпиада 2028: чего ждать от сборной?', 'Старый чемпион вернулся в ринг и показал, что класс не теряется с годами. Несмотря на перерыв, он выдал зрелищный бой и вновь стал героем фанатов.', '2025-05-31T10:35:35.502782'),
(8, 'КХЛ: новый сезон, новые надежды', 'Сборная активно готовится к Олимпиаде — новые имена, обновлённый тренерский состав и амбиции побороться за медали. Вопрос в том, хватит ли сил дойти до пьедестала.', '2025-06-20T06:21:35.502782'),
(29, 'Олимпиада 2028: чего ждать от сборной?', 'Старый чемпион вернулся в ринг и показал, что класс не теряется с годами. Несмотря на перерыв, он выдал зрелищный бой и вновь стал героем фанатов.', '2025-05-06T21:29:35.502782'),
(44, 'Почему Лига чемпионов остаётся лучшим турниром?', 'Ролан Гаррос в этом году стал ареной удивлений. Несколько тёмных лошадок пробились далеко по турнирной сетке, показав отличную физическую и тактическую подготовку.', '2025-04-18T18:25:35.502782'),
(39, 'Феррари или Ред Булл: кто правит трассой?', 'Старый чемпион вернулся в ринг и показал, что класс не теряется с годами. Несмотря на перерыв, он выдал зрелищный бой и вновь стал героем фанатов.', '2025-05-12T07:31:35.502782'),
(27, 'КХЛ: новый сезон, новые надежды', 'Каждый год Лига чемпионов удивляет нас драматичными матчами, потрясающей атмосферой и настоящим футболом высокого уровня. Команды выкладываются по максимуму, и именно здесь рождаются новые легенды.', '2025-05-25T03:54:35.502782'),
(36, 'Почему Лига чемпионов остаётся лучшим турниром?', 'Битва титанов продолжается — Феррари и Ред Булл меняются местами в турнирной таблице, но борьба за лидерство только накаляется.', '2025-05-02T11:52:35.502782'),
(10, 'КХЛ: новый сезон, новые надежды', 'Ролан Гаррос в этом году стал ареной удивлений. Несколько тёмных лошадок пробились далеко по турнирной сетке, показав отличную физическую и тактическую подготовку.', '2025-06-02T04:48:35.502782'),
(42, 'Феррари или Ред Булл: кто правит трассой?', 'Каждый год Лига чемпионов удивляет нас драматичными матчами, потрясающей атмосферой и настоящим футболом высокого уровня. Команды выкладываются по максимуму, и именно здесь рождаются новые легенды.', '2025-04-28T04:18:35.502782'),
(10, 'КХЛ: новый сезон, новые надежды', 'КХЛ стартовала ярко: неожиданные победы, громкие трансферы и надежда на реванш для тех, кто остался в тени в прошлом сезоне.', '2025-06-19T19:42:35.502782'),
(4, 'Неожиданные герои НБА: как новички меняют игру', 'Молодые игроки в НБА демонстрируют зрелую игру, захватывающие матчи и уверенность, которой позавидуют ветераны. Будущее лиги выглядит многообещающим!', '2025-04-14T22:35:35.502782'),
(28, 'Почему Лига чемпионов остаётся лучшим турниром?', 'Старый чемпион вернулся в ринг и показал, что класс не теряется с годами. Несмотря на перерыв, он выдал зрелищный бой и вновь стал героем фанатов.', '2025-04-21T21:05:35.502782'),
(9, 'Олимпиада 2028: чего ждать от сборной?', 'Старый чемпион вернулся в ринг и показал, что класс не теряется с годами. Несмотря на перерыв, он выдал зрелищный бой и вновь стал героем фанатов.', '2025-05-27T06:22:35.502782'),
(26, 'Олимпиада 2028: чего ждать от сборной?', 'КХЛ стартовала ярко: неожиданные победы, громкие трансферы и надежда на реванш для тех, кто остался в тени в прошлом сезоне.', '2025-06-18T18:16:35.502782'),
(40, 'Ролан Гаррос 2025: кто удивил публику?', 'Сборная активно готовится к Олимпиаде — новые имена, обновлённый тренерский состав и амбиции побороться за медали. Вопрос в том, хватит ли сил дойти до пьедестала.', '2025-04-20T20:12:35.502782'),
(50, 'Неожиданные герои НБА: как новички меняют игру', 'Каждый год Лига чемпионов удивляет нас драматичными матчами, потрясающей атмосферой и настоящим футболом высокого уровня. Команды выкладываются по максимуму, и именно здесь рождаются новые легенды.', '2025-05-07T03:30:35.502782'),
(10, 'Олимпиада 2028: чего ждать от сборной?', 'Сборная активно готовится к Олимпиаде — новые имена, обновлённый тренерский состав и амбиции побороться за медали. Вопрос в том, хватит ли сил дойти до пьедестала.', '2025-04-23T22:42:35.502782'),
(29, 'КХЛ: новый сезон, новые надежды', 'Старый чемпион вернулся в ринг и показал, что класс не теряется с годами. Несмотря на перерыв, он выдал зрелищный бой и вновь стал героем фанатов.', '2025-05-28T14:38:35.502782'),
(38, 'Феррари или Ред Булл: кто правит трассой?', 'Сборная активно готовится к Олимпиаде — новые имена, обновлённый тренерский состав и амбиции побороться за медали. Вопрос в том, хватит ли сил дойти до пьедестала.', '2025-04-16T08:29:35.502782'),
(12, 'Почему Лига чемпионов остаётся лучшим турниром?', 'Молодые игроки в НБА демонстрируют зрелую игру, захватывающие матчи и уверенность, которой позавидуют ветераны. Будущее лиги выглядит многообещающим!', '2025-04-19T04:51:35.502782'),
(42, 'Возвращение легенды в ринг: эмоции и реалии', 'Каждый год Лига чемпионов удивляет нас драматичными матчами, потрясающей атмосферой и настоящим футболом высокого уровня. Команды выкладываются по максимуму, и именно здесь рождаются новые легенды.', '2025-05-23T14:27:35.502782'),
(39, 'КХЛ: новый сезон, новые надежды', 'Каждый год Лига чемпионов удивляет нас драматичными матчами, потрясающей атмосферой и настоящим футболом высокого уровня. Команды выкладываются по максимуму, и именно здесь рождаются новые легенды.', '2025-05-25T10:23:35.502782'),
(22, 'Олимпиада 2028: чего ждать от сборной?', 'Ролан Гаррос в этом году стал ареной удивлений. Несколько тёмных лошадок пробились далеко по турнирной сетке, показав отличную физическую и тактическую подготовку.', '2025-06-05T03:14:35.502782'),
(25, 'Неожиданные герои НБА: как новички меняют игру', 'Молодые игроки в НБА демонстрируют зрелую игру, захватывающие матчи и уверенность, которой позавидуют ветераны. Будущее лиги выглядит многообещающим!', '2025-06-06T03:37:35.502782'),
(48, 'Олимпиада 2028: чего ждать от сборной?', 'Ролан Гаррос в этом году стал ареной удивлений. Несколько тёмных лошадок пробились далеко по турнирной сетке, показав отличную физическую и тактическую подготовку.', '2025-06-01T07:29:35.502782'),
(39, 'Неожиданные герои НБА: как новички меняют игру', 'Сборная активно готовится к Олимпиаде — новые имена, обновлённый тренерский состав и амбиции побороться за медали. Вопрос в том, хватит ли сил дойти до пьедестала.', '2025-05-30T20:32:35.502782'),
(6, 'Неожиданные герои НБА: как новички меняют игру', 'Сборная активно готовится к Олимпиаде — новые имена, обновлённый тренерский состав и амбиции побороться за медали. Вопрос в том, хватит ли сил дойти до пьедестала.', '2025-05-12T13:10:35.502782'),
(42, 'Возвращение легенды в ринг: эмоции и реалии', 'Сборная активно готовится к Олимпиаде — новые имена, обновлённый тренерский состав и амбиции побороться за медали. Вопрос в том, хватит ли сил дойти до пьедестала.', '2025-06-09T07:38:35.502782'),
(47, 'Феррари или Ред Булл: кто правит трассой?', 'Битва титанов продолжается — Феррари и Ред Булл меняются местами в турнирной таблице, но борьба за лидерство только накаляется.', '2025-05-15T02:04:35.502782'),
(46, 'Неожиданные герои НБА: как новички меняют игру', 'Старый чемпион вернулся в ринг и показал, что класс не теряется с годами. Несмотря на перерыв, он выдал зрелищный бой и вновь стал героем фанатов.', '2025-05-14T12:59:35.502782'),
(36, 'Почему Лига чемпионов остаётся лучшим турниром?', 'Ролан Гаррос в этом году стал ареной удивлений. Несколько тёмных лошадок пробились далеко по турнирной сетке, показав отличную физическую и тактическую подготовку.', '2025-05-10T19:39:35.502782'),
(3, 'Возвращение легенды в ринг: эмоции и реалии', 'Битва титанов продолжается — Феррари и Ред Булл меняются местами в турнирной таблице, но борьба за лидерство только накаляется.', '2025-05-22T19:06:35.502782'),
(13, 'Почему Лига чемпионов остаётся лучшим турниром?', 'Старый чемпион вернулся в ринг и показал, что класс не теряется с годами. Несмотря на перерыв, он выдал зрелищный бой и вновь стал героем фанатов.', '2025-05-25T09:18:35.502782'),
(26, 'КХЛ: новый сезон, новые надежды', 'Ролан Гаррос в этом году стал ареной удивлений. Несколько тёмных лошадок пробились далеко по турнирной сетке, показав отличную физическую и тактическую подготовку.', '2025-05-18T10:02:35.502782'),
(19, 'Возвращение легенды в ринг: эмоции и реалии', 'Каждый год Лига чемпионов удивляет нас драматичными матчами, потрясающей атмосферой и настоящим футболом высокого уровня. Команды выкладываются по максимуму, и именно здесь рождаются новые легенды.', '2025-06-15T07:46:35.502782'),
(28, 'Возвращение легенды в ринг: эмоции и реалии', 'КХЛ стартовала ярко: неожиданные победы, громкие трансферы и надежда на реванш для тех, кто остался в тени в прошлом сезоне.', '2025-06-17T09:22:35.502782'),
(42, 'Возвращение легенды в ринг: эмоции и реалии', 'Старый чемпион вернулся в ринг и показал, что класс не теряется с годами. Несмотря на перерыв, он выдал зрелищный бой и вновь стал героем фанатов.', '2025-05-18T18:19:35.502782'),
(18, 'Неожиданные герои НБА: как новички меняют игру', 'Каждый год Лига чемпионов удивляет нас драматичными матчами, потрясающей атмосферой и настоящим футболом высокого уровня. Команды выкладываются по максимуму, и именно здесь рождаются новые легенды.', '2025-06-20T06:04:35.502782'),
(8, 'Неожиданные герои НБА: как новички меняют игру', 'Сборная активно готовится к Олимпиаде — новые имена, обновлённый тренерский состав и амбиции побороться за медали. Вопрос в том, хватит ли сил дойти до пьедестала.', '2025-06-15T20:54:35.502782'),
(33, 'Неожиданные герои НБА: как новички меняют игру', 'Каждый год Лига чемпионов удивляет нас драматичными матчами, потрясающей атмосферой и настоящим футболом высокого уровня. Команды выкладываются по максимуму, и именно здесь рождаются новые легенды.', '2025-06-04T07:38:35.502782'),
(26, 'КХЛ: новый сезон, новые надежды', 'КХЛ стартовала ярко: неожиданные победы, громкие трансферы и надежда на реванш для тех, кто остался в тени в прошлом сезоне.', '2025-05-10T01:01:35.502782'),
(38, 'Неожиданные герои НБА: как новички меняют игру', 'Сборная активно готовится к Олимпиаде — новые имена, обновлённый тренерский состав и амбиции побороться за медали. Вопрос в том, хватит ли сил дойти до пьедестала.', '2025-06-10T20:48:35.502782'),
(17, 'Неожиданные герои НБА: как новички меняют игру', 'КХЛ стартовала ярко: неожиданные победы, громкие трансферы и надежда на реванш для тех, кто остался в тени в прошлом сезоне.', '2025-05-03T11:21:35.502782'),
(39, 'Возвращение легенды в ринг: эмоции и реалии', 'Сборная активно готовится к Олимпиаде — новые имена, обновлённый тренерский состав и амбиции побороться за медали. Вопрос в том, хватит ли сил дойти до пьедестала.', '2025-05-02T07:26:35.502782'),
(41, 'Феррари или Ред Булл: кто правит трассой?', 'Старый чемпион вернулся в ринг и показал, что класс не теряется с годами. Несмотря на перерыв, он выдал зрелищный бой и вновь стал героем фанатов.', '2025-04-25T04:24:35.502782'),
(21, 'Олимпиада 2028: чего ждать от сборной?', 'КХЛ стартовала ярко: неожиданные победы, громкие трансферы и надежда на реванш для тех, кто остался в тени в прошлом сезоне.', '2025-05-24T13:07:35.502782'),
(7, 'Почему Лига чемпионов остаётся лучшим турниром?', 'Старый чемпион вернулся в ринг и показал, что класс не теряется с годами. Несмотря на перерыв, он выдал зрелищный бой и вновь стал героем фанатов.', '2025-05-18T15:29:35.502782'),
(32, 'Почему Лига чемпионов остаётся лучшим турниром?', 'Каждый год Лига чемпионов удивляет нас драматичными матчами, потрясающей атмосферой и настоящим футболом высокого уровня. Команды выкладываются по максимуму, и именно здесь рождаются новые легенды.', '2025-05-17T19:37:35.502782'),
(28, 'Неожиданные герои НБА: как новички меняют игру', 'Старый чемпион вернулся в ринг и показал, что класс не теряется с годами. Несмотря на перерыв, он выдал зрелищный бой и вновь стал героем фанатов.', '2025-04-17T09:25:35.502782'),
(49, 'Феррари или Ред Булл: кто правит трассой?', 'Старый чемпион вернулся в ринг и показал, что класс не теряется с годами. Несмотря на перерыв, он выдал зрелищный бой и вновь стал героем фанатов.', '2025-04-26T21:11:35.502782'),
(3, 'Почему Лига чемпионов остаётся лучшим турниром?', 'Каждый год Лига чемпионов удивляет нас драматичными матчами, потрясающей атмосферой и настоящим футболом высокого уровня. Команды выкладываются по максимуму, и именно здесь рождаются новые легенды.', '2025-06-10T03:19:35.502782'),
(20, 'Феррари или Ред Булл: кто правит трассой?', 'Старый чемпион вернулся в ринг и показал, что класс не теряется с годами. Несмотря на перерыв, он выдал зрелищный бой и вновь стал героем фанатов.', '2025-05-07T10:26:35.502782'),
(45, 'КХЛ: новый сезон, новые надежды', 'Каждый год Лига чемпионов удивляет нас драматичными матчами, потрясающей атмосферой и настоящим футболом высокого уровня. Команды выкладываются по максимуму, и именно здесь рождаются новые легенды.', '2025-04-29T06:42:35.502782'),
(37, 'КХЛ: новый сезон, новые надежды', 'Каждый год Лига чемпионов удивляет нас драматичными матчами, потрясающей атмосферой и настоящим футболом высокого уровня. Команды выкладываются по максимуму, и именно здесь рождаются новые легенды.', '2025-06-05T05:54:35.502782'),
(36, 'Возвращение легенды в ринг: эмоции и реалии', 'КХЛ стартовала ярко: неожиданные победы, громкие трансферы и надежда на реванш для тех, кто остался в тени в прошлом сезоне.', '2025-05-10T01:39:35.502782'),
(18, 'Феррари или Ред Булл: кто правит трассой?', 'Старый чемпион вернулся в ринг и показал, что класс не теряется с годами. Несмотря на перерыв, он выдал зрелищный бой и вновь стал героем фанатов.', '2025-06-02T03:27:35.502782'),
(35, 'Ролан Гаррос 2025: кто удивил публику?', 'Ролан Гаррос в этом году стал ареной удивлений. Несколько тёмных лошадок пробились далеко по турнирной сетке, показав отличную физическую и тактическую подготовку.', '2025-05-22T04:43:35.502782'),
(45, 'Возвращение легенды в ринг: эмоции и реалии', 'Молодые игроки в НБА демонстрируют зрелую игру, захватывающие матчи и уверенность, которой позавидуют ветераны. Будущее лиги выглядит многообещающим!', '2025-06-12T16:04:35.502782'),
(44, 'Олимпиада 2028: чего ждать от сборной?', 'Молодые игроки в НБА демонстрируют зрелую игру, захватывающие матчи и уверенность, которой позавидуют ветераны. Будущее лиги выглядит многообещающим!', '2025-06-22T03:21:35.502782'),
(35, 'КХЛ: новый сезон, новые надежды', 'КХЛ стартовала ярко: неожиданные победы, громкие трансферы и надежда на реванш для тех, кто остался в тени в прошлом сезоне.', '2025-06-19T05:12:35.502782'),
(19, 'Ролан Гаррос 2025: кто удивил публику?', 'КХЛ стартовала ярко: неожиданные победы, громкие трансферы и надежда на реванш для тех, кто остался в тени в прошлом сезоне.', '2025-05-04T03:49:35.502782'),
(48, 'Возвращение легенды в ринг: эмоции и реалии', 'Сборная активно готовится к Олимпиаде — новые имена, обновлённый тренерский состав и амбиции побороться за медали. Вопрос в том, хватит ли сил дойти до пьедестала.', '2025-05-26T18:11:35.502782'),
(16, 'Почему Лига чемпионов остаётся лучшим турниром?', 'Старый чемпион вернулся в ринг и показал, что класс не теряется с годами. Несмотря на перерыв, он выдал зрелищный бой и вновь стал героем фанатов.', '2025-05-18T16:45:35.502782'),
(8, 'Ролан Гаррос 2025: кто удивил публику?', 'Старый чемпион вернулся в ринг и показал, что класс не теряется с годами. Несмотря на перерыв, он выдал зрелищный бой и вновь стал героем фанатов.', '2025-06-08T01:46:35.502782'),
(48, 'Феррари или Ред Булл: кто правит трассой?', 'Старый чемпион вернулся в ринг и показал, что класс не теряется с годами. Несмотря на перерыв, он выдал зрелищный бой и вновь стал героем фанатов.', '2025-05-15T18:15:35.502782'),
(36, 'Феррари или Ред Булл: кто правит трассой?', 'Молодые игроки в НБА демонстрируют зрелую игру, захватывающие матчи и уверенность, которой позавидуют ветераны. Будущее лиги выглядит многообещающим!', '2025-05-01T11:35:35.502782'),
(33, 'Ролан Гаррос 2025: кто удивил публику?', 'Ролан Гаррос в этом году стал ареной удивлений. Несколько тёмных лошадок пробились далеко по турнирной сетке, показав отличную физическую и тактическую подготовку.', '2025-05-02T06:48:35.502782'),
(31, 'Почему Лига чемпионов остаётся лучшим турниром?', 'Старый чемпион вернулся в ринг и показал, что класс не теряется с годами. Несмотря на перерыв, он выдал зрелищный бой и вновь стал героем фанатов.', '2025-05-16T09:29:35.502782'),
(12, 'Феррари или Ред Булл: кто правит трассой?', 'Ролан Гаррос в этом году стал ареной удивлений. Несколько тёмных лошадок пробились далеко по турнирной сетке, показав отличную физическую и тактическую подготовку.', '2025-05-05T11:24:35.502782'),
(10, 'Возвращение легенды в ринг: эмоции и реалии', 'Молодые игроки в НБА демонстрируют зрелую игру, захватывающие матчи и уверенность, которой позавидуют ветераны. Будущее лиги выглядит многообещающим!', '2025-04-17T14:50:35.502782'),
(29, 'Неожиданные герои НБА: как новички меняют игру', 'Битва титанов продолжается — Феррари и Ред Булл меняются местами в турнирной таблице, но борьба за лидерство только накаляется.', '2025-06-02T20:03:35.502782'),
(27, 'Возвращение легенды в ринг: эмоции и реалии', 'Старый чемпион вернулся в ринг и показал, что класс не теряется с годами. Несмотря на перерыв, он выдал зрелищный бой и вновь стал героем фанатов.', '2025-06-17T01:31:35.502782'),
(20, 'Ролан Гаррос 2025: кто удивил публику?', 'Молодые игроки в НБА демонстрируют зрелую игру, захватывающие матчи и уверенность, которой позавидуют ветераны. Будущее лиги выглядит многообещающим!', '2025-04-14T22:38:35.502782'),
(17, 'Неожиданные герои НБА: как новички меняют игру', 'Старый чемпион вернулся в ринг и показал, что класс не теряется с годами. Несмотря на перерыв, он выдал зрелищный бой и вновь стал героем фанатов.', '2025-04-24T17:55:35.502782'),
(38, 'КХЛ: новый сезон, новые надежды', 'КХЛ стартовала ярко: неожиданные победы, громкие трансферы и надежда на реванш для тех, кто остался в тени в прошлом сезоне.', '2025-05-02T17:51:35.502782'),
(36, 'Возвращение легенды в ринг: эмоции и реалии', 'Сборная активно готовится к Олимпиаде — новые имена, обновлённый тренерский состав и амбиции побороться за медали. Вопрос в том, хватит ли сил дойти до пьедестала.', '2025-05-27T20:19:35.502782'),
(24, 'Возвращение легенды в ринг: эмоции и реалии', 'Ролан Гаррос в этом году стал ареной удивлений. Несколько тёмных лошадок пробились далеко по турнирной сетке, показав отличную физическую и тактическую подготовку.', '2025-06-18T10:48:35.502782'),
(36, 'КХЛ: новый сезон, новые надежды', 'КХЛ стартовала ярко: неожиданные победы, громкие трансферы и надежда на реванш для тех, кто остался в тени в прошлом сезоне.', '2025-05-22T21:15:35.502782'),
(4, 'Олимпиада 2028: чего ждать от сборной?', 'Каждый год Лига чемпионов удивляет нас драматичными матчами, потрясающей атмосферой и настоящим футболом высокого уровня. Команды выкладываются по максимуму, и именно здесь рождаются новые легенды.', '2025-05-16T01:47:35.502782'),
(1, 'Феррари или Ред Булл: кто правит трассой?', 'Битва титанов продолжается — Феррари и Ред Булл меняются местами в турнирной таблице, но борьба за лидерство только накаляется.', '2025-05-16T04:06:35.502782'),
(40, 'Феррари или Ред Булл: кто правит трассой?', 'Старый чемпион вернулся в ринг и показал, что класс не теряется с годами. Несмотря на перерыв, он выдал зрелищный бой и вновь стал героем фанатов.', '2025-05-21T08:23:35.502782'),
(25, 'Феррари или Ред Булл: кто правит трассой?', 'Ролан Гаррос в этом году стал ареной удивлений. Несколько тёмных лошадок пробились далеко по турнирной сетке, показав отличную физическую и тактическую подготовку.', '2025-06-17T12:05:35.502782'),
(18, 'Почему Лига чемпионов остаётся лучшим турниром?', 'Каждый год Лига чемпионов удивляет нас драматичными матчами, потрясающей атмосферой и настоящим футболом высокого уровня. Команды выкладываются по максимуму, и именно здесь рождаются новые легенды.', '2025-04-21T07:31:35.502782'),
(16, 'Феррари или Ред Булл: кто правит трассой?', 'Сборная активно готовится к Олимпиаде — новые имена, обновлённый тренерский состав и амбиции побороться за медали. Вопрос в том, хватит ли сил дойти до пьедестала.', '2025-05-18T04:33:35.502782'),
(5, 'Возвращение легенды в ринг: эмоции и реалии', 'Битва титанов продолжается — Феррари и Ред Булл меняются местами в турнирной таблице, но борьба за лидерство только накаляется.', '2025-04-27T17:40:35.502782');


-- Связь постов с категориями

INSERT INTO post_categories (post_id, category_id) VALUES

(1, 3),
(2, 6),
(3, 3),
(4, 7),
(5, 7),
(6, 7),
(7, 3),
(8, 5),
(9, 7),
(10, 3),
(11, 1),
(12, 5),
(13, 4),
(14, 5),
(15, 5),
(16, 2),
(17, 2),
(18, 5),
(19, 4),
(20, 5),
(21, 4),
(22, 5),
(23, 7),
(24, 6),
(25, 1),
(26, 5),
(27, 6),
(28, 3),
(29, 4),
(30, 3),
(31, 6),
(32, 1),
(33, 5),
(34, 1),
(35, 4),
(36, 1),
(37, 5),
(38, 2),
(39, 7),
(40, 5),
(41, 1),
(42, 3),
(43, 2),
(44, 1),
(45, 1),
(46, 1),
(47, 7),
(48, 5),
(49, 3),
(50, 3),
(51, 1),
(52, 5),
(53, 6),
(54, 4),
(55, 7),
(56, 5),
(57, 4),
(58, 3),
(59, 1),
(60, 3),
(61, 6),
(62, 7),
(63, 5),
(64, 3),
(65, 6),
(66, 6),
(67, 7),
(68, 4),
(69, 1),
(70, 5),
(71, 3),
(72, 7),
(73, 5),
(74, 5),
(75, 2),
(76, 5),
(77, 5),
(78, 2),
(79, 4),
(80, 6),
(81, 5),
(82, 1),
(83, 2),
(84, 2),
(85, 7),
(86, 7),
(87, 5),
(88, 5),
(89, 1),
(90, 2),
(91, 4),
(92, 5),
(93, 3),
(94, 2),
(95, 1),
(96, 3),
(97, 6),
(98, 3),
(99, 6),
(100, 5);


-- Комментарии

INSERT INTO comments (post_id, user_id, content, created_at) VALUES

(1, 1, 'Очень интересный анализ. Согласен по всем пунктам.', '2025-05-15T20:13:35.502782'),
(1, 38, 'Есть над чем подумать. Согласен по всем пунктам.', '2025-05-15T20:13:35.502782'),
(1, 10, 'Очень интересный анализ. Хорошее наблюдение.', '2025-05-15T20:13:35.502782'),
(1, 31, 'Спасибо за мнение! С нетерпением жду продолжения.', '2025-05-15T20:13:35.502782'),
(1, 25, 'Очень интересный анализ. С нетерпением жду продолжения.', '2025-05-15T20:13:35.502782'),
(2, 25, 'Полностью согласен. С нетерпением жду продолжения.', '2025-06-05T10:33:35.502782'),
(2, 3, 'Полностью согласен. Хорошее наблюдение.', '2025-06-05T10:33:35.502782'),
(2, 46, 'Есть над чем подумать. Хорошее наблюдение.', '2025-06-05T10:33:35.502782'),
(2, 43, 'Спасибо за мнение! Хорошее наблюдение.', '2025-06-05T10:33:35.502782'),
(2, 32, 'Интересный взгляд. Надеюсь, в следующем сезоне будет ещё круче.', '2025-06-05T10:33:35.502782'),
(3, 7, 'Отличный пост! Хорошее наблюдение.', '2025-04-29T21:24:35.502782'),
(3, 1, 'Очень интересный анализ. Хорошее наблюдение.', '2025-04-29T21:24:35.502782'),
(3, 27, 'Интересный взгляд. Надеюсь, в следующем сезоне будет ещё круче.', '2025-04-29T21:24:35.502782'),
(3, 40, 'Есть над чем подумать. Согласен по всем пунктам.', '2025-04-29T21:24:35.502782'),
(3, 42, 'Интересный взгляд. Хорошее наблюдение.', '2025-04-29T21:24:35.502782'),
(4, 21, 'Очень интересный анализ. Хорошее наблюдение.', '2025-04-22T05:31:35.502782'),
(4, 35, 'Интересный взгляд. Хорошее наблюдение.', '2025-04-22T05:31:35.502782'),
(4, 5, 'Отличный пост! С нетерпением жду продолжения.', '2025-04-22T05:31:35.502782'),
(4, 15, 'Полностью согласен. Согласен по всем пунктам.', '2025-04-22T05:31:35.502782'),
(4, 28, 'Интересный взгляд. Я бы добавил ещё пару мыслей.', '2025-04-22T05:31:35.502782'),
(5, 11, 'Отличный пост! Хорошее наблюдение.', '2025-04-19T13:00:35.502782'),
(5, 2, 'Интересный взгляд. Согласен по всем пунктам.', '2025-04-19T13:00:35.502782'),
(5, 4, 'Отличный пост! Согласен по всем пунктам.', '2025-04-19T13:00:35.502782'),
(5, 24, 'Есть над чем подумать. Согласен по всем пунктам.', '2025-04-19T13:00:35.502782'),
(5, 16, 'Спасибо за мнение! Надеюсь, в следующем сезоне будет ещё круче.', '2025-04-19T13:00:35.502782'),
(6, 12, 'Полностью согласен. Надеюсь, в следующем сезоне будет ещё круче.', '2025-04-21T13:16:35.502782'),
(6, 25, 'Отличный пост! С нетерпением жду продолжения.', '2025-04-21T13:16:35.502782'),
(6, 32, 'Очень интересный анализ. Надеюсь, в следующем сезоне будет ещё круче.', '2025-04-21T13:16:35.502782'),
(6, 41, 'Полностью согласен. Хорошее наблюдение.', '2025-04-21T13:16:35.502782'),
(6, 17, 'Есть над чем подумать. Хорошее наблюдение.', '2025-04-21T13:16:35.502782'),
(7, 11, 'Интересный взгляд. С нетерпением жду продолжения.', '2025-05-11T06:19:35.502782'),
(7, 23, 'Отличный пост! Хорошее наблюдение.', '2025-05-11T06:19:35.502782'),
(7, 41, 'Очень интересный анализ. Согласен по всем пунктам.', '2025-05-11T06:19:35.502782'),
(7, 30, 'Спасибо за мнение! Согласен по всем пунктам.', '2025-05-11T06:19:35.502782'),
(7, 25, 'Есть над чем подумать. Надеюсь, в следующем сезоне будет ещё круче.', '2025-05-11T06:19:35.502782'),
(8, 19, 'Есть над чем подумать. С нетерпением жду продолжения.', '2025-05-18T21:34:35.502782'),
(8, 2, 'Интересный взгляд. Согласен по всем пунктам.', '2025-05-18T21:34:35.502782'),
(8, 18, 'Интересный взгляд. Хорошее наблюдение.', '2025-05-18T21:34:35.502782'),
(8, 44, 'Отличный пост! С нетерпением жду продолжения.', '2025-05-18T21:34:35.502782'),
(8, 39, 'Интересный взгляд. Я бы добавил ещё пару мыслей.', '2025-05-18T21:34:35.502782'),
(9, 23, 'Полностью согласен. С нетерпением жду продолжения.', '2025-05-27T13:28:35.502782'),
(9, 40, 'Полностью согласен. Надеюсь, в следующем сезоне будет ещё круче.', '2025-05-27T13:28:35.502782'),
(9, 41, 'Есть над чем подумать. Надеюсь, в следующем сезоне будет ещё круче.', '2025-05-27T13:28:35.502782'),
(9, 20, 'Отличный пост! Я бы добавил ещё пару мыслей.', '2025-05-27T13:28:35.502782'),
(9, 38, 'Спасибо за мнение! Я бы добавил ещё пару мыслей.', '2025-05-27T13:28:35.502782'),
(10, 12, 'Есть над чем подумать. Хорошее наблюдение.', '2025-06-14T09:47:35.502782'),
(10, 35, 'Полностью согласен. Надеюсь, в следующем сезоне будет ещё круче.', '2025-06-14T09:47:35.502782'),
(10, 33, 'Есть над чем подумать. С нетерпением жду продолжения.', '2025-06-14T09:47:35.502782'),
(10, 17, 'Есть над чем подумать. Надеюсь, в следующем сезоне будет ещё круче.', '2025-06-14T09:47:35.502782'),
(10, 48, 'Спасибо за мнение! Согласен по всем пунктам.', '2025-06-14T09:47:35.502782'),
(11, 44, 'Полностью согласен. Надеюсь, в следующем сезоне будет ещё круче.', '2025-05-10T23:35:35.502782'),
(11, 36, 'Интересный взгляд. Хорошее наблюдение.', '2025-05-10T23:35:35.502782'),
(11, 26, 'Есть над чем подумать. Я бы добавил ещё пару мыслей.', '2025-05-10T23:35:35.502782'),
(11, 35, 'Отличный пост! Согласен по всем пунктам.', '2025-05-10T23:35:35.502782'),
(11, 24, 'Отличный пост! Хорошее наблюдение.', '2025-05-10T23:35:35.502782'),
(12, 7, 'Спасибо за мнение! Согласен по всем пунктам.', '2025-05-29T17:58:35.502782'),
(12, 31, 'Интересный взгляд. Надеюсь, в следующем сезоне будет ещё круче.', '2025-05-29T17:58:35.502782'),
(12, 36, 'Отличный пост! С нетерпением жду продолжения.', '2025-05-29T17:58:35.502782'),
(12, 15, 'Есть над чем подумать. С нетерпением жду продолжения.', '2025-05-29T17:58:35.502782'),
(12, 41, 'Интересный взгляд. Я бы добавил ещё пару мыслей.', '2025-05-29T17:58:35.502782'),
(13, 3, 'Отличный пост! Надеюсь, в следующем сезоне будет ещё круче.', '2025-04-24T12:23:35.502782'),
(13, 32, 'Отличный пост! Согласен по всем пунктам.', '2025-04-24T12:23:35.502782'),
(13, 16, 'Отличный пост! Я бы добавил ещё пару мыслей.', '2025-04-24T12:23:35.502782'),
(13, 25, 'Очень интересный анализ. Надеюсь, в следующем сезоне будет ещё круче.', '2025-04-24T12:23:35.502782'),
(13, 43, 'Спасибо за мнение! Согласен по всем пунктам.', '2025-04-24T12:23:35.502782'),
(14, 27, 'Интересный взгляд. Надеюсь, в следующем сезоне будет ещё круче.', '2025-05-15T11:05:35.502782'),
(14, 32, 'Интересный взгляд. Я бы добавил ещё пару мыслей.', '2025-05-15T11:05:35.502782'),
(14, 18, 'Очень интересный анализ. Хорошее наблюдение.', '2025-05-15T11:05:35.502782'),
(14, 14, 'Отличный пост! Согласен по всем пунктам.', '2025-05-15T11:05:35.502782'),
(14, 16, 'Спасибо за мнение! Хорошее наблюдение.', '2025-05-15T11:05:35.502782'),
(15, 4, 'Интересный взгляд. Согласен по всем пунктам.', '2025-05-20T04:13:35.502782'),
(15, 13, 'Спасибо за мнение! Согласен по всем пунктам.', '2025-05-20T04:13:35.502782'),
(15, 6, 'Отличный пост! Хорошее наблюдение.', '2025-05-20T04:13:35.502782'),
(15, 42, 'Интересный взгляд. Надеюсь, в следующем сезоне будет ещё круче.', '2025-05-20T04:13:35.502782'),
(15, 2, 'Интересный взгляд. С нетерпением жду продолжения.', '2025-05-20T04:13:35.502782'),
(16, 5, 'Очень интересный анализ. Надеюсь, в следующем сезоне будет ещё круче.', '2025-05-31T10:35:35.502782'),
(16, 50, 'Полностью согласен. Согласен по всем пунктам.', '2025-05-31T10:35:35.502782'),
(16, 1, 'Полностью согласен. С нетерпением жду продолжения.', '2025-05-31T10:35:35.502782'),
(16, 9, 'Есть над чем подумать. Надеюсь, в следующем сезоне будет ещё круче.', '2025-05-31T10:35:35.502782'),
(16, 12, 'Очень интересный анализ. Согласен по всем пунктам.', '2025-05-31T10:35:35.502782'),
(17, 16, 'Отличный пост! Согласен по всем пунктам.', '2025-06-20T06:21:35.502782'),
(17, 2, 'Очень интересный анализ. Согласен по всем пунктам.', '2025-06-20T06:21:35.502782'),
(17, 4, 'Полностью согласен. Согласен по всем пунктам.', '2025-06-20T06:21:35.502782'),
(17, 34, 'Полностью согласен. Хорошее наблюдение.', '2025-06-20T06:21:35.502782'),
(17, 31, 'Отличный пост! Я бы добавил ещё пару мыслей.', '2025-06-20T06:21:35.502782'),
(18, 33, 'Отличный пост! Хорошее наблюдение.', '2025-05-06T21:29:35.502782'),
(18, 3, 'Полностью согласен. С нетерпением жду продолжения.', '2025-05-06T21:29:35.502782'),
(18, 20, 'Интересный взгляд. С нетерпением жду продолжения.', '2025-05-06T21:29:35.502782'),
(18, 4, 'Спасибо за мнение! Я бы добавил ещё пару мыслей.', '2025-05-06T21:29:35.502782'),
(18, 28, 'Спасибо за мнение! Хорошее наблюдение.', '2025-05-06T21:29:35.502782'),
(19, 21, 'Отличный пост! Я бы добавил ещё пару мыслей.', '2025-04-18T18:25:35.502782'),
(19, 5, 'Очень интересный анализ. Надеюсь, в следующем сезоне будет ещё круче.', '2025-04-18T18:25:35.502782'),
(19, 40, 'Полностью согласен. Согласен по всем пунктам.', '2025-04-18T18:25:35.502782'),
(19, 36, 'Интересный взгляд. С нетерпением жду продолжения.', '2025-04-18T18:25:35.502782'),
(19, 25, 'Интересный взгляд. Согласен по всем пунктам.', '2025-04-18T18:25:35.502782'),
(20, 7, 'Очень интересный анализ. Хорошее наблюдение.', '2025-05-12T07:31:35.502782'),
(20, 42, 'Интересный взгляд. Я бы добавил ещё пару мыслей.', '2025-05-12T07:31:35.502782'),
(20, 47, 'Интересный взгляд. С нетерпением жду продолжения.', '2025-05-12T07:31:35.502782'),
(20, 29, 'Полностью согласен. Хорошее наблюдение.', '2025-05-12T07:31:35.502782'),
(20, 26, 'Есть над чем подумать. Хорошее наблюдение.', '2025-05-12T07:31:35.502782'),
(21, 24, 'Есть над чем подумать. Согласен по всем пунктам.', '2025-05-25T03:54:35.502782'),
(21, 5, 'Полностью согласен. Хорошее наблюдение.', '2025-05-25T03:54:35.502782'),
(21, 6, 'Отличный пост! Я бы добавил ещё пару мыслей.', '2025-05-25T03:54:35.502782'),
(21, 48, 'Спасибо за мнение! Я бы добавил ещё пару мыслей.', '2025-05-25T03:54:35.502782'),
(21, 9, 'Интересный взгляд. Согласен по всем пунктам.', '2025-05-25T03:54:35.502782'),
(22, 27, 'Есть над чем подумать. Я бы добавил ещё пару мыслей.', '2025-05-02T11:52:35.502782'),
(22, 47, 'Есть над чем подумать. Хорошее наблюдение.', '2025-05-02T11:52:35.502782'),
(22, 39, 'Отличный пост! Согласен по всем пунктам.', '2025-05-02T11:52:35.502782'),
(22, 7, 'Есть над чем подумать. Согласен по всем пунктам.', '2025-05-02T11:52:35.502782'),
(22, 14, 'Очень интересный анализ. С нетерпением жду продолжения.', '2025-05-02T11:52:35.502782'),
(23, 36, 'Отличный пост! Согласен по всем пунктам.', '2025-06-02T04:48:35.502782'),
(23, 49, 'Есть над чем подумать. Я бы добавил ещё пару мыслей.', '2025-06-02T04:48:35.502782'),
(23, 15, 'Есть над чем подумать. С нетерпением жду продолжения.', '2025-06-02T04:48:35.502782'),
(23, 50, 'Спасибо за мнение! С нетерпением жду продолжения.', '2025-06-02T04:48:35.502782'),
(23, 44, 'Очень интересный анализ. С нетерпением жду продолжения.', '2025-06-02T04:48:35.502782'),
(24, 2, 'Интересный взгляд. Согласен по всем пунктам.', '2025-04-28T04:18:35.502782'),
(24, 45, 'Полностью согласен. Согласен по всем пунктам.', '2025-04-28T04:18:35.502782'),
(24, 23, 'Есть над чем подумать. Согласен по всем пунктам.', '2025-04-28T04:18:35.502782'),
(24, 10, 'Отличный пост! Надеюсь, в следующем сезоне будет ещё круче.', '2025-04-28T04:18:35.502782'),
(24, 5, 'Очень интересный анализ. Хорошее наблюдение.', '2025-04-28T04:18:35.502782'),
(25, 14, 'Интересный взгляд. С нетерпением жду продолжения.', '2025-06-19T19:42:35.502782'),
(25, 30, 'Спасибо за мнение! Хорошее наблюдение.', '2025-06-19T19:42:35.502782'),
(25, 24, 'Есть над чем подумать. Надеюсь, в следующем сезоне будет ещё круче.', '2025-06-19T19:42:35.502782'),
(25, 50, 'Есть над чем подумать. Согласен по всем пунктам.', '2025-06-19T19:42:35.502782'),
(25, 6, 'Очень интересный анализ. С нетерпением жду продолжения.', '2025-06-19T19:42:35.502782'),
(26, 18, 'Отличный пост! Я бы добавил ещё пару мыслей.', '2025-04-14T22:35:35.502782'),
(26, 32, 'Спасибо за мнение! Хорошее наблюдение.', '2025-04-14T22:35:35.502782'),
(26, 27, 'Очень интересный анализ. Хорошее наблюдение.', '2025-04-14T22:35:35.502782'),
(26, 49, 'Есть над чем подумать. Надеюсь, в следующем сезоне будет ещё круче.', '2025-04-14T22:35:35.502782'),
(26, 23, 'Очень интересный анализ. Я бы добавил ещё пару мыслей.', '2025-04-14T22:35:35.502782'),
(27, 34, 'Очень интересный анализ. Хорошее наблюдение.', '2025-04-21T21:05:35.502782'),
(27, 3, 'Интересный взгляд. Согласен по всем пунктам.', '2025-04-21T21:05:35.502782'),
(27, 39, 'Полностью согласен. Хорошее наблюдение.', '2025-04-21T21:05:35.502782'),
(27, 14, 'Отличный пост! Я бы добавил ещё пару мыслей.', '2025-04-21T21:05:35.502782'),
(27, 50, 'Есть над чем подумать. Надеюсь, в следующем сезоне будет ещё круче.', '2025-04-21T21:05:35.502782'),
(28, 32, 'Отличный пост! Я бы добавил ещё пару мыслей.', '2025-05-27T06:22:35.502782'),
(28, 12, 'Интересный взгляд. Хорошее наблюдение.', '2025-05-27T06:22:35.502782'),
(28, 35, 'Полностью согласен. Хорошее наблюдение.', '2025-05-27T06:22:35.502782'),
(28, 33, 'Интересный взгляд. Надеюсь, в следующем сезоне будет ещё круче.', '2025-05-27T06:22:35.502782'),
(28, 5, 'Очень интересный анализ. Согласен по всем пунктам.', '2025-05-27T06:22:35.502782'),
(29, 5, 'Отличный пост! Хорошее наблюдение.', '2025-06-18T18:16:35.502782'),
(29, 28, 'Есть над чем подумать. С нетерпением жду продолжения.', '2025-06-18T18:16:35.502782'),
(29, 46, 'Очень интересный анализ. Хорошее наблюдение.', '2025-06-18T18:16:35.502782'),
(29, 19, 'Интересный взгляд. Хорошее наблюдение.', '2025-06-18T18:16:35.502782'),
(29, 11, 'Отличный пост! Согласен по всем пунктам.', '2025-06-18T18:16:35.502782'),
(30, 7, 'Отличный пост! Хорошее наблюдение.', '2025-04-20T20:12:35.502782'),
(30, 38, 'Полностью согласен. Хорошее наблюдение.', '2025-04-20T20:12:35.502782'),
(30, 6, 'Спасибо за мнение! С нетерпением жду продолжения.', '2025-04-20T20:12:35.502782'),
(30, 48, 'Спасибо за мнение! Согласен по всем пунктам.', '2025-04-20T20:12:35.502782'),
(30, 22, 'Есть над чем подумать. Надеюсь, в следующем сезоне будет ещё круче.', '2025-04-20T20:12:35.502782'),
(31, 33, 'Отличный пост! С нетерпением жду продолжения.', '2025-05-07T03:30:35.502782'),
(31, 23, 'Полностью согласен. Согласен по всем пунктам.', '2025-05-07T03:30:35.502782'),
(31, 16, 'Интересный взгляд. Надеюсь, в следующем сезоне будет ещё круче.', '2025-05-07T03:30:35.502782'),
(31, 17, 'Отличный пост! Надеюсь, в следующем сезоне будет ещё круче.', '2025-05-07T03:30:35.502782'),
(31, 39, 'Полностью согласен. Надеюсь, в следующем сезоне будет ещё круче.', '2025-05-07T03:30:35.502782'),
(32, 30, 'Полностью согласен. Хорошее наблюдение.', '2025-04-23T22:42:35.502782'),
(32, 29, 'Очень интересный анализ. С нетерпением жду продолжения.', '2025-04-23T22:42:35.502782'),
(32, 42, 'Интересный взгляд. С нетерпением жду продолжения.', '2025-04-23T22:42:35.502782'),
(32, 10, 'Есть над чем подумать. Согласен по всем пунктам.', '2025-04-23T22:42:35.502782'),
(32, 31, 'Спасибо за мнение! Я бы добавил ещё пару мыслей.', '2025-04-23T22:42:35.502782'),
(33, 33, 'Отличный пост! Согласен по всем пунктам.', '2025-05-28T14:38:35.502782'),
(33, 3, 'Спасибо за мнение! Хорошее наблюдение.', '2025-05-28T14:38:35.502782'),
(33, 42, 'Есть над чем подумать. Я бы добавил ещё пару мыслей.', '2025-05-28T14:38:35.502782'),
(33, 39, 'Отличный пост! С нетерпением жду продолжения.', '2025-05-28T14:38:35.502782'),
(33, 30, 'Очень интересный анализ. Хорошее наблюдение.', '2025-05-28T14:38:35.502782'),
(34, 42, 'Спасибо за мнение! С нетерпением жду продолжения.', '2025-04-16T08:29:35.502782'),
(34, 39, 'Полностью согласен. Согласен по всем пунктам.', '2025-04-16T08:29:35.502782'),
(34, 29, 'Полностью согласен. Я бы добавил ещё пару мыслей.', '2025-04-16T08:29:35.502782'),
(34, 46, 'Отличный пост! Согласен по всем пунктам.', '2025-04-16T08:29:35.502782'),
(34, 42, 'Отличный пост! С нетерпением жду продолжения.', '2025-04-16T08:29:35.502782'),
(35, 34, 'Спасибо за мнение! С нетерпением жду продолжения.', '2025-04-19T04:51:35.502782'),
(35, 24, 'Очень интересный анализ. Надеюсь, в следующем сезоне будет ещё круче.', '2025-04-19T04:51:35.502782'),
(35, 25, 'Есть над чем подумать. Согласен по всем пунктам.', '2025-04-19T04:51:35.502782'),
(35, 44, 'Спасибо за мнение! Согласен по всем пунктам.', '2025-04-19T04:51:35.502782'),
(35, 41, 'Очень интересный анализ. Я бы добавил ещё пару мыслей.', '2025-04-19T04:51:35.502782'),
(36, 19, 'Очень интересный анализ. Хорошее наблюдение.', '2025-05-23T14:27:35.502782'),
(36, 10, 'Есть над чем подумать. С нетерпением жду продолжения.', '2025-05-23T14:27:35.502782'),
(36, 38, 'Есть над чем подумать. Я бы добавил ещё пару мыслей.', '2025-05-23T14:27:35.502782'),
(36, 23, 'Интересный взгляд. Надеюсь, в следующем сезоне будет ещё круче.', '2025-05-23T14:27:35.502782'),
(36, 9, 'Есть над чем подумать. Хорошее наблюдение.', '2025-05-23T14:27:35.502782'),
(37, 9, 'Спасибо за мнение! Согласен по всем пунктам.', '2025-05-25T10:23:35.502782'),
(37, 6, 'Интересный взгляд. С нетерпением жду продолжения.', '2025-05-25T10:23:35.502782'),
(37, 33, 'Интересный взгляд. Хорошее наблюдение.', '2025-05-25T10:23:35.502782'),
(37, 24, 'Есть над чем подумать. Я бы добавил ещё пару мыслей.', '2025-05-25T10:23:35.502782'),
(37, 14, 'Есть над чем подумать. Надеюсь, в следующем сезоне будет ещё круче.', '2025-05-25T10:23:35.502782'),
(38, 5, 'Полностью согласен. Надеюсь, в следующем сезоне будет ещё круче.', '2025-06-05T03:14:35.502782'),
(38, 33, 'Есть над чем подумать. Я бы добавил ещё пару мыслей.', '2025-06-05T03:14:35.502782'),
(38, 3, 'Очень интересный анализ. С нетерпением жду продолжения.', '2025-06-05T03:14:35.502782'),
(38, 50, 'Интересный взгляд. Согласен по всем пунктам.', '2025-06-05T03:14:35.502782'),
(38, 39, 'Очень интересный анализ. Надеюсь, в следующем сезоне будет ещё круче.', '2025-06-05T03:14:35.502782'),
(39, 11, 'Интересный взгляд. С нетерпением жду продолжения.', '2025-06-06T03:37:35.502782'),
(39, 3, 'Интересный взгляд. Хорошее наблюдение.', '2025-06-06T03:37:35.502782'),
(39, 44, 'Спасибо за мнение! Согласен по всем пунктам.', '2025-06-06T03:37:35.502782'),
(39, 29, 'Интересный взгляд. Надеюсь, в следующем сезоне будет ещё круче.', '2025-06-06T03:37:35.502782'),
(39, 49, 'Очень интересный анализ. Согласен по всем пунктам.', '2025-06-06T03:37:35.502782'),
(40, 31, 'Полностью согласен. Согласен по всем пунктам.', '2025-06-01T07:29:35.502782'),
(40, 29, 'Интересный взгляд. С нетерпением жду продолжения.', '2025-06-01T07:29:35.502782'),
(40, 50, 'Спасибо за мнение! Согласен по всем пунктам.', '2025-06-01T07:29:35.502782'),
(40, 34, 'Спасибо за мнение! С нетерпением жду продолжения.', '2025-06-01T07:29:35.502782'),
(40, 13, 'Спасибо за мнение! Надеюсь, в следующем сезоне будет ещё круче.', '2025-06-01T07:29:35.502782'),
(41, 24, 'Интересный взгляд. Хорошее наблюдение.', '2025-05-30T20:32:35.502782'),
(41, 46, 'Очень интересный анализ. Я бы добавил ещё пару мыслей.', '2025-05-30T20:32:35.502782'),
(41, 49, 'Есть над чем подумать. Я бы добавил ещё пару мыслей.', '2025-05-30T20:32:35.502782'),
(41, 29, 'Полностью согласен. Согласен по всем пунктам.', '2025-05-30T20:32:35.502782'),
(41, 28, 'Очень интересный анализ. Надеюсь, в следующем сезоне будет ещё круче.', '2025-05-30T20:32:35.502782'),
(42, 4, 'Отличный пост! Хорошее наблюдение.', '2025-05-12T13:10:35.502782'),
(42, 24, 'Спасибо за мнение! С нетерпением жду продолжения.', '2025-05-12T13:10:35.502782'),
(42, 6, 'Полностью согласен. Хорошее наблюдение.', '2025-05-12T13:10:35.502782'),
(42, 2, 'Есть над чем подумать. Надеюсь, в следующем сезоне будет ещё круче.', '2025-05-12T13:10:35.502782'),
(42, 46, 'Есть над чем подумать. Я бы добавил ещё пару мыслей.', '2025-05-12T13:10:35.502782'),
(43, 31, 'Отличный пост! Согласен по всем пунктам.', '2025-06-09T07:38:35.502782'),
(43, 49, 'Интересный взгляд. Надеюсь, в следующем сезоне будет ещё круче.', '2025-06-09T07:38:35.502782'),
(43, 29, 'Интересный взгляд. Хорошее наблюдение.', '2025-06-09T07:38:35.502782'),
(43, 6, 'Очень интересный анализ. Я бы добавил ещё пару мыслей.', '2025-06-09T07:38:35.502782'),
(43, 36, 'Полностью согласен. Надеюсь, в следующем сезоне будет ещё круче.', '2025-06-09T07:38:35.502782'),
(44, 20, 'Есть над чем подумать. Надеюсь, в следующем сезоне будет ещё круче.', '2025-05-15T02:04:35.502782'),
(44, 16, 'Отличный пост! Я бы добавил ещё пару мыслей.', '2025-05-15T02:04:35.502782'),
(44, 30, 'Спасибо за мнение! С нетерпением жду продолжения.', '2025-05-15T02:04:35.502782'),
(44, 41, 'Очень интересный анализ. Я бы добавил ещё пару мыслей.', '2025-05-15T02:04:35.502782'),
(44, 16, 'Очень интересный анализ. С нетерпением жду продолжения.', '2025-05-15T02:04:35.502782'),
(45, 16, 'Очень интересный анализ. Согласен по всем пунктам.', '2025-05-14T12:59:35.502782'),
(45, 12, 'Очень интересный анализ. Хорошее наблюдение.', '2025-05-14T12:59:35.502782'),
(45, 34, 'Интересный взгляд. Я бы добавил ещё пару мыслей.', '2025-05-14T12:59:35.502782'),
(45, 34, 'Есть над чем подумать. Я бы добавил ещё пару мыслей.', '2025-05-14T12:59:35.502782'),
(45, 33, 'Очень интересный анализ. С нетерпением жду продолжения.', '2025-05-14T12:59:35.502782'),
(46, 24, 'Интересный взгляд. Хорошее наблюдение.', '2025-05-10T19:39:35.502782'),
(46, 23, 'Есть над чем подумать. Я бы добавил ещё пару мыслей.', '2025-05-10T19:39:35.502782'),
(46, 16, 'Отличный пост! Согласен по всем пунктам.', '2025-05-10T19:39:35.502782'),
(46, 50, 'Интересный взгляд. Я бы добавил ещё пару мыслей.', '2025-05-10T19:39:35.502782'),
(46, 9, 'Очень интересный анализ. Согласен по всем пунктам.', '2025-05-10T19:39:35.502782'),
(47, 50, 'Интересный взгляд. Надеюсь, в следующем сезоне будет ещё круче.', '2025-05-22T19:06:35.502782'),
(47, 45, 'Интересный взгляд. Хорошее наблюдение.', '2025-05-22T19:06:35.502782'),
(47, 9, 'Спасибо за мнение! Надеюсь, в следующем сезоне будет ещё круче.', '2025-05-22T19:06:35.502782'),
(47, 3, 'Отличный пост! Хорошее наблюдение.', '2025-05-22T19:06:35.502782'),
(47, 3, 'Есть над чем подумать. Надеюсь, в следующем сезоне будет ещё круче.', '2025-05-22T19:06:35.502782'),
(48, 31, 'Спасибо за мнение! С нетерпением жду продолжения.', '2025-05-25T09:18:35.502782'),
(48, 49, 'Есть над чем подумать. Я бы добавил ещё пару мыслей.', '2025-05-25T09:18:35.502782'),
(48, 19, 'Интересный взгляд. Надеюсь, в следующем сезоне будет ещё круче.', '2025-05-25T09:18:35.502782'),
(48, 18, 'Интересный взгляд. Согласен по всем пунктам.', '2025-05-25T09:18:35.502782'),
(48, 28, 'Отличный пост! Согласен по всем пунктам.', '2025-05-25T09:18:35.502782'),
(49, 45, 'Полностью согласен. Хорошее наблюдение.', '2025-05-18T10:02:35.502782'),
(49, 34, 'Спасибо за мнение! Согласен по всем пунктам.', '2025-05-18T10:02:35.502782'),
(49, 47, 'Есть над чем подумать. Я бы добавил ещё пару мыслей.', '2025-05-18T10:02:35.502782'),
(49, 28, 'Спасибо за мнение! Я бы добавил ещё пару мыслей.', '2025-05-18T10:02:35.502782'),
(49, 35, 'Очень интересный анализ. Надеюсь, в следующем сезоне будет ещё круче.', '2025-05-18T10:02:35.502782'),
(50, 20, 'Интересный взгляд. Согласен по всем пунктам.', '2025-06-15T07:46:35.502782'),
(50, 46, 'Спасибо за мнение! С нетерпением жду продолжения.', '2025-06-15T07:46:35.502782'),
(50, 45, 'Спасибо за мнение! Надеюсь, в следующем сезоне будет ещё круче.', '2025-06-15T07:46:35.502782'),
(50, 29, 'Спасибо за мнение! Согласен по всем пунктам.', '2025-06-15T07:46:35.502782'),
(50, 40, 'Отличный пост! Согласен по всем пунктам.', '2025-06-15T07:46:35.502782'),
(51, 24, 'Интересный взгляд. Хорошее наблюдение.', '2025-06-17T09:22:35.502782'),
(51, 2, 'Очень интересный анализ. Надеюсь, в следующем сезоне будет ещё круче.', '2025-06-17T09:22:35.502782'),
(51, 44, 'Полностью согласен. С нетерпением жду продолжения.', '2025-06-17T09:22:35.502782'),
(51, 9, 'Спасибо за мнение! Я бы добавил ещё пару мыслей.', '2025-06-17T09:22:35.502782'),
(51, 50, 'Отличный пост! Надеюсь, в следующем сезоне будет ещё круче.', '2025-06-17T09:22:35.502782'),
(52, 10, 'Отличный пост! С нетерпением жду продолжения.', '2025-05-18T18:19:35.502782'),
(52, 24, 'Интересный взгляд. Хорошее наблюдение.', '2025-05-18T18:19:35.502782'),
(52, 49, 'Есть над чем подумать. Хорошее наблюдение.', '2025-05-18T18:19:35.502782'),
(52, 24, 'Полностью согласен. С нетерпением жду продолжения.', '2025-05-18T18:19:35.502782'),
(52, 42, 'Спасибо за мнение! Согласен по всем пунктам.', '2025-05-18T18:19:35.502782'),
(53, 34, 'Полностью согласен. Хорошее наблюдение.', '2025-06-20T06:04:35.502782'),
(53, 8, 'Спасибо за мнение! С нетерпением жду продолжения.', '2025-06-20T06:04:35.502782'),
(53, 46, 'Есть над чем подумать. Согласен по всем пунктам.', '2025-06-20T06:04:35.502782'),
(53, 40, 'Спасибо за мнение! Надеюсь, в следующем сезоне будет ещё круче.', '2025-06-20T06:04:35.502782'),
(53, 13, 'Есть над чем подумать. Хорошее наблюдение.', '2025-06-20T06:04:35.502782'),
(54, 6, 'Полностью согласен. Хорошее наблюдение.', '2025-06-15T20:54:35.502782'),
(54, 43, 'Интересный взгляд. Согласен по всем пунктам.', '2025-06-15T20:54:35.502782'),
(54, 36, 'Есть над чем подумать. Я бы добавил ещё пару мыслей.', '2025-06-15T20:54:35.502782'),
(54, 20, 'Очень интересный анализ. Согласен по всем пунктам.', '2025-06-15T20:54:35.502782'),
(54, 24, 'Полностью согласен. Надеюсь, в следующем сезоне будет ещё круче.', '2025-06-15T20:54:35.502782'),
(55, 32, 'Полностью согласен. Надеюсь, в следующем сезоне будет ещё круче.', '2025-06-04T07:38:35.502782'),
(55, 36, 'Отличный пост! Согласен по всем пунктам.', '2025-06-04T07:38:35.502782'),
(55, 30, 'Очень интересный анализ. Согласен по всем пунктам.', '2025-06-04T07:38:35.502782'),
(55, 40, 'Очень интересный анализ. Надеюсь, в следующем сезоне будет ещё круче.', '2025-06-04T07:38:35.502782'),
(55, 20, 'Отличный пост! Я бы добавил ещё пару мыслей.', '2025-06-04T07:38:35.502782'),
(56, 37, 'Спасибо за мнение! Хорошее наблюдение.', '2025-05-10T01:01:35.502782'),
(56, 21, 'Отличный пост! Надеюсь, в следующем сезоне будет ещё круче.', '2025-05-10T01:01:35.502782'),
(56, 29, 'Интересный взгляд. Я бы добавил ещё пару мыслей.', '2025-05-10T01:01:35.502782'),
(56, 23, 'Спасибо за мнение! С нетерпением жду продолжения.', '2025-05-10T01:01:35.502782'),
(56, 41, 'Полностью согласен. С нетерпением жду продолжения.', '2025-05-10T01:01:35.502782'),
(57, 8, 'Очень интересный анализ. Я бы добавил ещё пару мыслей.', '2025-06-10T20:48:35.502782'),
(57, 20, 'Очень интересный анализ. Надеюсь, в следующем сезоне будет ещё круче.', '2025-06-10T20:48:35.502782'),
(57, 21, 'Полностью согласен. Надеюсь, в следующем сезоне будет ещё круче.', '2025-06-10T20:48:35.502782'),
(57, 23, 'Интересный взгляд. Надеюсь, в следующем сезоне будет ещё круче.', '2025-06-10T20:48:35.502782'),
(57, 6, 'Очень интересный анализ. Согласен по всем пунктам.', '2025-06-10T20:48:35.502782'),
(58, 40, 'Полностью согласен. Согласен по всем пунктам.', '2025-05-03T11:21:35.502782'),
(58, 33, 'Очень интересный анализ. Я бы добавил ещё пару мыслей.', '2025-05-03T11:21:35.502782'),
(58, 38, 'Интересный взгляд. Надеюсь, в следующем сезоне будет ещё круче.', '2025-05-03T11:21:35.502782'),
(58, 11, 'Очень интересный анализ. Надеюсь, в следующем сезоне будет ещё круче.', '2025-05-03T11:21:35.502782'),
(58, 47, 'Интересный взгляд. С нетерпением жду продолжения.', '2025-05-03T11:21:35.502782'),
(59, 3, 'Отличный пост! Я бы добавил ещё пару мыслей.', '2025-05-02T07:26:35.502782'),
(59, 17, 'Интересный взгляд. С нетерпением жду продолжения.', '2025-05-02T07:26:35.502782'),
(59, 50, 'Интересный взгляд. Надеюсь, в следующем сезоне будет ещё круче.', '2025-05-02T07:26:35.502782'),
(59, 40, 'Очень интересный анализ. Хорошее наблюдение.', '2025-05-02T07:26:35.502782'),
(59, 32, 'Интересный взгляд. Я бы добавил ещё пару мыслей.', '2025-05-02T07:26:35.502782'),
(60, 44, 'Спасибо за мнение! Надеюсь, в следующем сезоне будет ещё круче.', '2025-04-25T04:24:35.502782'),
(60, 30, 'Спасибо за мнение! Согласен по всем пунктам.', '2025-04-25T04:24:35.502782'),
(60, 11, 'Отличный пост! Я бы добавил ещё пару мыслей.', '2025-04-25T04:24:35.502782'),
(60, 31, 'Спасибо за мнение! Хорошее наблюдение.', '2025-04-25T04:24:35.502782'),
(60, 10, 'Есть над чем подумать. С нетерпением жду продолжения.', '2025-04-25T04:24:35.502782'),
(61, 9, 'Есть над чем подумать. Хорошее наблюдение.', '2025-05-24T13:07:35.502782'),
(61, 36, 'Есть над чем подумать. С нетерпением жду продолжения.', '2025-05-24T13:07:35.502782'),
(61, 16, 'Отличный пост! Согласен по всем пунктам.', '2025-05-24T13:07:35.502782'),
(61, 18, 'Спасибо за мнение! Я бы добавил ещё пару мыслей.', '2025-05-24T13:07:35.502782'),
(61, 10, 'Спасибо за мнение! Надеюсь, в следующем сезоне будет ещё круче.', '2025-05-24T13:07:35.502782'),
(62, 16, 'Очень интересный анализ. Хорошее наблюдение.', '2025-05-18T15:29:35.502782'),
(62, 37, 'Полностью согласен. Согласен по всем пунктам.', '2025-05-18T15:29:35.502782'),
(62, 13, 'Интересный взгляд. Согласен по всем пунктам.', '2025-05-18T15:29:35.502782'),
(62, 33, 'Полностью согласен. Хорошее наблюдение.', '2025-05-18T15:29:35.502782'),
(62, 20, 'Спасибо за мнение! Хорошее наблюдение.', '2025-05-18T15:29:35.502782'),
(63, 14, 'Спасибо за мнение! Надеюсь, в следующем сезоне будет ещё круче.', '2025-05-17T19:37:35.502782'),
(63, 4, 'Очень интересный анализ. Согласен по всем пунктам.', '2025-05-17T19:37:35.502782'),
(63, 32, 'Отличный пост! Согласен по всем пунктам.', '2025-05-17T19:37:35.502782'),
(63, 19, 'Очень интересный анализ. Хорошее наблюдение.', '2025-05-17T19:37:35.502782'),
(63, 7, 'Очень интересный анализ. Я бы добавил ещё пару мыслей.', '2025-05-17T19:37:35.502782'),
(64, 3, 'Спасибо за мнение! Согласен по всем пунктам.', '2025-04-17T09:25:35.502782'),
(64, 37, 'Спасибо за мнение! Я бы добавил ещё пару мыслей.', '2025-04-17T09:25:35.502782'),
(64, 24, 'Очень интересный анализ. Надеюсь, в следующем сезоне будет ещё круче.', '2025-04-17T09:25:35.502782'),
(64, 5, 'Очень интересный анализ. Согласен по всем пунктам.', '2025-04-17T09:25:35.502782'),
(64, 29, 'Спасибо за мнение! С нетерпением жду продолжения.', '2025-04-17T09:25:35.502782'),
(65, 9, 'Очень интересный анализ. Я бы добавил ещё пару мыслей.', '2025-04-26T21:11:35.502782'),
(65, 24, 'Отличный пост! Хорошее наблюдение.', '2025-04-26T21:11:35.502782'),
(65, 24, 'Есть над чем подумать. С нетерпением жду продолжения.', '2025-04-26T21:11:35.502782'),
(65, 39, 'Полностью согласен. Надеюсь, в следующем сезоне будет ещё круче.', '2025-04-26T21:11:35.502782'),
(65, 33, 'Очень интересный анализ. Хорошее наблюдение.', '2025-04-26T21:11:35.502782'),
(66, 34, 'Есть над чем подумать. Хорошее наблюдение.', '2025-06-10T03:19:35.502782'),
(66, 39, 'Спасибо за мнение! Надеюсь, в следующем сезоне будет ещё круче.', '2025-06-10T03:19:35.502782'),
(66, 21, 'Очень интересный анализ. Надеюсь, в следующем сезоне будет ещё круче.', '2025-06-10T03:19:35.502782'),
(66, 11, 'Очень интересный анализ. Согласен по всем пунктам.', '2025-06-10T03:19:35.502782'),
(66, 48, 'Спасибо за мнение! С нетерпением жду продолжения.', '2025-06-10T03:19:35.502782'),
(67, 32, 'Очень интересный анализ. С нетерпением жду продолжения.', '2025-05-07T10:26:35.502782'),
(67, 20, 'Интересный взгляд. С нетерпением жду продолжения.', '2025-05-07T10:26:35.502782'),
(67, 24, 'Спасибо за мнение! Я бы добавил ещё пару мыслей.', '2025-05-07T10:26:35.502782'),
(67, 27, 'Есть над чем подумать. Я бы добавил ещё пару мыслей.', '2025-05-07T10:26:35.502782'),
(67, 47, 'Очень интересный анализ. Согласен по всем пунктам.', '2025-05-07T10:26:35.502782'),
(68, 37, 'Есть над чем подумать. С нетерпением жду продолжения.', '2025-04-29T06:42:35.502782'),
(68, 38, 'Полностью согласен. Я бы добавил ещё пару мыслей.', '2025-04-29T06:42:35.502782'),
(68, 34, 'Спасибо за мнение! Надеюсь, в следующем сезоне будет ещё круче.', '2025-04-29T06:42:35.502782'),
(68, 50, 'Интересный взгляд. С нетерпением жду продолжения.', '2025-04-29T06:42:35.502782'),
(68, 3, 'Интересный взгляд. Надеюсь, в следующем сезоне будет ещё круче.', '2025-04-29T06:42:35.502782'),
(69, 27, 'Спасибо за мнение! Согласен по всем пунктам.', '2025-06-05T05:54:35.502782'),
(69, 45, 'Полностью согласен. Хорошее наблюдение.', '2025-06-05T05:54:35.502782'),
(69, 31, 'Очень интересный анализ. С нетерпением жду продолжения.', '2025-06-05T05:54:35.502782'),
(69, 46, 'Интересный взгляд. Я бы добавил ещё пару мыслей.', '2025-06-05T05:54:35.502782'),
(69, 14, 'Полностью согласен. С нетерпением жду продолжения.', '2025-06-05T05:54:35.502782'),
(70, 12, 'Спасибо за мнение! Согласен по всем пунктам.', '2025-05-10T01:39:35.502782'),
(70, 22, 'Спасибо за мнение! С нетерпением жду продолжения.', '2025-05-10T01:39:35.502782'),
(70, 44, 'Очень интересный анализ. Согласен по всем пунктам.', '2025-05-10T01:39:35.502782'),
(70, 40, 'Интересный взгляд. Согласен по всем пунктам.', '2025-05-10T01:39:35.502782'),
(70, 16, 'Спасибо за мнение! Надеюсь, в следующем сезоне будет ещё круче.', '2025-05-10T01:39:35.502782'),
(71, 45, 'Есть над чем подумать. Надеюсь, в следующем сезоне будет ещё круче.', '2025-06-02T03:27:35.502782'),
(71, 21, 'Интересный взгляд. Хорошее наблюдение.', '2025-06-02T03:27:35.502782'),
(71, 36, 'Спасибо за мнение! Согласен по всем пунктам.', '2025-06-02T03:27:35.502782'),
(71, 19, 'Интересный взгляд. Согласен по всем пунктам.', '2025-06-02T03:27:35.502782'),
(71, 44, 'Отличный пост! С нетерпением жду продолжения.', '2025-06-02T03:27:35.502782'),
(72, 3, 'Полностью согласен. Согласен по всем пунктам.', '2025-05-22T04:43:35.502782'),
(72, 23, 'Есть над чем подумать. Я бы добавил ещё пару мыслей.', '2025-05-22T04:43:35.502782'),
(72, 48, 'Спасибо за мнение! Согласен по всем пунктам.', '2025-05-22T04:43:35.502782'),
(72, 13, 'Спасибо за мнение! Надеюсь, в следующем сезоне будет ещё круче.', '2025-05-22T04:43:35.502782'),
(72, 36, 'Очень интересный анализ. Согласен по всем пунктам.', '2025-05-22T04:43:35.502782'),
(73, 16, 'Интересный взгляд. С нетерпением жду продолжения.', '2025-06-12T16:04:35.502782'),
(73, 43, 'Полностью согласен. Я бы добавил ещё пару мыслей.', '2025-06-12T16:04:35.502782'),
(73, 41, 'Очень интересный анализ. Надеюсь, в следующем сезоне будет ещё круче.', '2025-06-12T16:04:35.502782'),
(73, 22, 'Отличный пост! Хорошее наблюдение.', '2025-06-12T16:04:35.502782'),
(73, 7, 'Интересный взгляд. Хорошее наблюдение.', '2025-06-12T16:04:35.502782'),
(74, 42, 'Полностью согласен. Хорошее наблюдение.', '2025-06-22T03:21:35.502782'),
(74, 42, 'Спасибо за мнение! Хорошее наблюдение.', '2025-06-22T03:21:35.502782'),
(74, 21, 'Полностью согласен. Согласен по всем пунктам.', '2025-06-22T03:21:35.502782'),
(74, 50, 'Есть над чем подумать. Я бы добавил ещё пару мыслей.', '2025-06-22T03:21:35.502782'),
(74, 15, 'Отличный пост! С нетерпением жду продолжения.', '2025-06-22T03:21:35.502782'),
(75, 3, 'Спасибо за мнение! Надеюсь, в следующем сезоне будет ещё круче.', '2025-06-19T05:12:35.502782'),
(75, 12, 'Спасибо за мнение! Хорошее наблюдение.', '2025-06-19T05:12:35.502782'),
(75, 3, 'Интересный взгляд. Согласен по всем пунктам.', '2025-06-19T05:12:35.502782'),
(75, 37, 'Отличный пост! Согласен по всем пунктам.', '2025-06-19T05:12:35.502782'),
(75, 22, 'Очень интересный анализ. Я бы добавил ещё пару мыслей.', '2025-06-19T05:12:35.502782'),
(76, 33, 'Спасибо за мнение! Надеюсь, в следующем сезоне будет ещё круче.', '2025-05-04T03:49:35.502782'),
(76, 13, 'Спасибо за мнение! Согласен по всем пунктам.', '2025-05-04T03:49:35.502782'),
(76, 11, 'Отличный пост! Согласен по всем пунктам.', '2025-05-04T03:49:35.502782'),
(76, 42, 'Интересный взгляд. Хорошее наблюдение.', '2025-05-04T03:49:35.502782'),
(76, 1, 'Есть над чем подумать. Надеюсь, в следующем сезоне будет ещё круче.', '2025-05-04T03:49:35.502782'),
(77, 12, 'Интересный взгляд. Надеюсь, в следующем сезоне будет ещё круче.', '2025-05-26T18:11:35.502782'),
(77, 28, 'Очень интересный анализ. Хорошее наблюдение.', '2025-05-26T18:11:35.502782'),
(77, 6, 'Очень интересный анализ. Согласен по всем пунктам.', '2025-05-26T18:11:35.502782'),
(77, 12, 'Спасибо за мнение! Я бы добавил ещё пару мыслей.', '2025-05-26T18:11:35.502782'),
(77, 21, 'Полностью согласен. Хорошее наблюдение.', '2025-05-26T18:11:35.502782'),
(78, 22, 'Спасибо за мнение! Согласен по всем пунктам.', '2025-05-18T16:45:35.502782'),
(78, 47, 'Есть над чем подумать. С нетерпением жду продолжения.', '2025-05-18T16:45:35.502782'),
(78, 17, 'Очень интересный анализ. Я бы добавил ещё пару мыслей.', '2025-05-18T16:45:35.502782'),
(78, 45, 'Интересный взгляд. Согласен по всем пунктам.', '2025-05-18T16:45:35.502782'),
(78, 43, 'Полностью согласен. Я бы добавил ещё пару мыслей.', '2025-05-18T16:45:35.502782'),
(79, 46, 'Интересный взгляд. С нетерпением жду продолжения.', '2025-06-08T01:46:35.502782'),
(79, 41, 'Есть над чем подумать. Я бы добавил ещё пару мыслей.', '2025-06-08T01:46:35.502782'),
(79, 40, 'Есть над чем подумать. Согласен по всем пунктам.', '2025-06-08T01:46:35.502782'),
(79, 9, 'Полностью согласен. Надеюсь, в следующем сезоне будет ещё круче.', '2025-06-08T01:46:35.502782'),
(79, 30, 'Спасибо за мнение! Надеюсь, в следующем сезоне будет ещё круче.', '2025-06-08T01:46:35.502782'),
(80, 49, 'Очень интересный анализ. Хорошее наблюдение.', '2025-05-15T18:15:35.502782'),
(80, 49, 'Очень интересный анализ. Надеюсь, в следующем сезоне будет ещё круче.', '2025-05-15T18:15:35.502782'),
(80, 6, 'Полностью согласен. С нетерпением жду продолжения.', '2025-05-15T18:15:35.502782'),
(80, 5, 'Очень интересный анализ. Согласен по всем пунктам.', '2025-05-15T18:15:35.502782'),
(80, 4, 'Очень интересный анализ. Я бы добавил ещё пару мыслей.', '2025-05-15T18:15:35.502782'),
(81, 21, 'Полностью согласен. Надеюсь, в следующем сезоне будет ещё круче.', '2025-05-01T11:35:35.502782'),
(81, 8, 'Очень интересный анализ. Хорошее наблюдение.', '2025-05-01T11:35:35.502782'),
(81, 46, 'Интересный взгляд. Надеюсь, в следующем сезоне будет ещё круче.', '2025-05-01T11:35:35.502782'),
(81, 29, 'Отличный пост! С нетерпением жду продолжения.', '2025-05-01T11:35:35.502782'),
(81, 9, 'Отличный пост! Хорошее наблюдение.', '2025-05-01T11:35:35.502782'),
(82, 44, 'Очень интересный анализ. Хорошее наблюдение.', '2025-05-02T06:48:35.502782'),
(82, 26, 'Есть над чем подумать. Я бы добавил ещё пару мыслей.', '2025-05-02T06:48:35.502782'),
(82, 38, 'Интересный взгляд. Надеюсь, в следующем сезоне будет ещё круче.', '2025-05-02T06:48:35.502782'),
(82, 28, 'Отличный пост! Я бы добавил ещё пару мыслей.', '2025-05-02T06:48:35.502782'),
(82, 5, 'Очень интересный анализ. Я бы добавил ещё пару мыслей.', '2025-05-02T06:48:35.502782'),
(83, 24, 'Полностью согласен. Хорошее наблюдение.', '2025-05-16T09:29:35.502782'),
(83, 25, 'Спасибо за мнение! Хорошее наблюдение.', '2025-05-16T09:29:35.502782'),
(83, 44, 'Спасибо за мнение! Я бы добавил ещё пару мыслей.', '2025-05-16T09:29:35.502782'),
(83, 9, 'Интересный взгляд. С нетерпением жду продолжения.', '2025-05-16T09:29:35.502782'),
(83, 8, 'Интересный взгляд. Согласен по всем пунктам.', '2025-05-16T09:29:35.502782'),
(84, 1, 'Интересный взгляд. Надеюсь, в следующем сезоне будет ещё круче.', '2025-05-05T11:24:35.502782'),
(84, 30, 'Отличный пост! Согласен по всем пунктам.', '2025-05-05T11:24:35.502782'),
(84, 28, 'Интересный взгляд. С нетерпением жду продолжения.', '2025-05-05T11:24:35.502782'),
(84, 15, 'Очень интересный анализ. Хорошее наблюдение.', '2025-05-05T11:24:35.502782'),
(84, 23, 'Полностью согласен. Хорошее наблюдение.', '2025-05-05T11:24:35.502782'),
(85, 43, 'Отличный пост! Я бы добавил ещё пару мыслей.', '2025-04-17T14:50:35.502782'),
(85, 50, 'Спасибо за мнение! С нетерпением жду продолжения.', '2025-04-17T14:50:35.502782'),
(85, 14, 'Отличный пост! Надеюсь, в следующем сезоне будет ещё круче.', '2025-04-17T14:50:35.502782'),
(85, 29, 'Очень интересный анализ. Я бы добавил ещё пару мыслей.', '2025-04-17T14:50:35.502782'),
(85, 26, 'Полностью согласен. Я бы добавил ещё пару мыслей.', '2025-04-17T14:50:35.502782'),
(86, 33, 'Отличный пост! Надеюсь, в следующем сезоне будет ещё круче.', '2025-06-02T20:03:35.502782'),
(86, 47, 'Есть над чем подумать. Надеюсь, в следующем сезоне будет ещё круче.', '2025-06-02T20:03:35.502782'),
(86, 37, 'Очень интересный анализ. Согласен по всем пунктам.', '2025-06-02T20:03:35.502782'),
(86, 10, 'Полностью согласен. Согласен по всем пунктам.', '2025-06-02T20:03:35.502782'),
(86, 15, 'Интересный взгляд. С нетерпением жду продолжения.', '2025-06-02T20:03:35.502782'),
(87, 41, 'Очень интересный анализ. Надеюсь, в следующем сезоне будет ещё круче.', '2025-06-17T01:31:35.502782'),
(87, 36, 'Интересный взгляд. Хорошее наблюдение.', '2025-06-17T01:31:35.502782'),
(87, 23, 'Спасибо за мнение! Я бы добавил ещё пару мыслей.', '2025-06-17T01:31:35.502782'),
(87, 45, 'Очень интересный анализ. Согласен по всем пунктам.', '2025-06-17T01:31:35.502782'),
(87, 10, 'Спасибо за мнение! Хорошее наблюдение.', '2025-06-17T01:31:35.502782'),
(88, 15, 'Спасибо за мнение! Надеюсь, в следующем сезоне будет ещё круче.', '2025-04-14T22:38:35.502782'),
(88, 30, 'Есть над чем подумать. Надеюсь, в следующем сезоне будет ещё круче.', '2025-04-14T22:38:35.502782'),
(88, 27, 'Отличный пост! С нетерпением жду продолжения.', '2025-04-14T22:38:35.502782'),
(88, 34, 'Спасибо за мнение! С нетерпением жду продолжения.', '2025-04-14T22:38:35.502782'),
(88, 16, 'Полностью согласен. Хорошее наблюдение.', '2025-04-14T22:38:35.502782'),
(89, 6, 'Спасибо за мнение! Согласен по всем пунктам.', '2025-04-24T17:55:35.502782'),
(89, 4, 'Очень интересный анализ. Надеюсь, в следующем сезоне будет ещё круче.', '2025-04-24T17:55:35.502782'),
(89, 44, 'Есть над чем подумать. Хорошее наблюдение.', '2025-04-24T17:55:35.502782'),
(89, 3, 'Очень интересный анализ. С нетерпением жду продолжения.', '2025-04-24T17:55:35.502782'),
(89, 49, 'Отличный пост! Надеюсь, в следующем сезоне будет ещё круче.', '2025-04-24T17:55:35.502782'),
(90, 22, 'Спасибо за мнение! Надеюсь, в следующем сезоне будет ещё круче.', '2025-05-02T17:51:35.502782'),
(90, 14, 'Есть над чем подумать. Я бы добавил ещё пару мыслей.', '2025-05-02T17:51:35.502782'),
(90, 48, 'Полностью согласен. Я бы добавил ещё пару мыслей.', '2025-05-02T17:51:35.502782'),
(90, 46, 'Интересный взгляд. С нетерпением жду продолжения.', '2025-05-02T17:51:35.502782'),
(90, 16, 'Полностью согласен. Хорошее наблюдение.', '2025-05-02T17:51:35.502782'),
(91, 42, 'Спасибо за мнение! С нетерпением жду продолжения.', '2025-05-27T20:19:35.502782'),
(91, 17, 'Есть над чем подумать. Согласен по всем пунктам.', '2025-05-27T20:19:35.502782'),
(91, 32, 'Есть над чем подумать. С нетерпением жду продолжения.', '2025-05-27T20:19:35.502782'),
(91, 47, 'Спасибо за мнение! Я бы добавил ещё пару мыслей.', '2025-05-27T20:19:35.502782'),
(91, 14, 'Спасибо за мнение! Согласен по всем пунктам.', '2025-05-27T20:19:35.502782'),
(92, 2, 'Полностью согласен. Надеюсь, в следующем сезоне будет ещё круче.', '2025-06-18T10:48:35.502782'),
(92, 38, 'Есть над чем подумать. С нетерпением жду продолжения.', '2025-06-18T10:48:35.502782'),
(92, 19, 'Очень интересный анализ. Хорошее наблюдение.', '2025-06-18T10:48:35.502782'),
(92, 25, 'Есть над чем подумать. Надеюсь, в следующем сезоне будет ещё круче.', '2025-06-18T10:48:35.502782'),
(92, 32, 'Очень интересный анализ. Надеюсь, в следующем сезоне будет ещё круче.', '2025-06-18T10:48:35.502782'),
(93, 30, 'Спасибо за мнение! Хорошее наблюдение.', '2025-05-22T21:15:35.502782'),
(93, 11, 'Полностью согласен. Согласен по всем пунктам.', '2025-05-22T21:15:35.502782'),
(93, 32, 'Полностью согласен. С нетерпением жду продолжения.', '2025-05-22T21:15:35.502782'),
(93, 34, 'Интересный взгляд. Я бы добавил ещё пару мыслей.', '2025-05-22T21:15:35.502782'),
(93, 43, 'Отличный пост! Я бы добавил ещё пару мыслей.', '2025-05-22T21:15:35.502782'),
(94, 5, 'Интересный взгляд. Надеюсь, в следующем сезоне будет ещё круче.', '2025-05-16T01:47:35.502782'),
(94, 33, 'Отличный пост! Надеюсь, в следующем сезоне будет ещё круче.', '2025-05-16T01:47:35.502782'),
(94, 4, 'Спасибо за мнение! Согласен по всем пунктам.', '2025-05-16T01:47:35.502782'),
(94, 31, 'Очень интересный анализ. С нетерпением жду продолжения.', '2025-05-16T01:47:35.502782'),
(94, 2, 'Интересный взгляд. Хорошее наблюдение.', '2025-05-16T01:47:35.502782'),
(95, 47, 'Отличный пост! С нетерпением жду продолжения.', '2025-05-16T04:06:35.502782'),
(95, 19, 'Есть над чем подумать. С нетерпением жду продолжения.', '2025-05-16T04:06:35.502782'),
(95, 12, 'Интересный взгляд. Хорошее наблюдение.', '2025-05-16T04:06:35.502782'),
(95, 34, 'Отличный пост! Я бы добавил ещё пару мыслей.', '2025-05-16T04:06:35.502782'),
(95, 13, 'Полностью согласен. Надеюсь, в следующем сезоне будет ещё круче.', '2025-05-16T04:06:35.502782'),
(96, 24, 'Спасибо за мнение! Я бы добавил ещё пару мыслей.', '2025-05-21T08:23:35.502782'),
(96, 37, 'Спасибо за мнение! Хорошее наблюдение.', '2025-05-21T08:23:35.502782'),
(96, 20, 'Полностью согласен. Надеюсь, в следующем сезоне будет ещё круче.', '2025-05-21T08:23:35.502782'),
(96, 42, 'Интересный взгляд. Я бы добавил ещё пару мыслей.', '2025-05-21T08:23:35.502782'),
(96, 25, 'Отличный пост! Хорошее наблюдение.', '2025-05-21T08:23:35.502782'),
(97, 6, 'Отличный пост! Надеюсь, в следующем сезоне будет ещё круче.', '2025-06-17T12:05:35.502782'),
(97, 42, 'Спасибо за мнение! Хорошее наблюдение.', '2025-06-17T12:05:35.502782'),
(97, 7, 'Есть над чем подумать. С нетерпением жду продолжения.', '2025-06-17T12:05:35.502782'),
(97, 15, 'Очень интересный анализ. Я бы добавил ещё пару мыслей.', '2025-06-17T12:05:35.502782'),
(97, 31, 'Полностью согласен. С нетерпением жду продолжения.', '2025-06-17T12:05:35.502782'),
(98, 43, 'Очень интересный анализ. С нетерпением жду продолжения.', '2025-04-21T07:31:35.502782'),
(98, 21, 'Отличный пост! Надеюсь, в следующем сезоне будет ещё круче.', '2025-04-21T07:31:35.502782'),
(98, 49, 'Очень интересный анализ. Надеюсь, в следующем сезоне будет ещё круче.', '2025-04-21T07:31:35.502782'),
(98, 5, 'Интересный взгляд. Хорошее наблюдение.', '2025-04-21T07:31:35.502782'),
(98, 37, 'Есть над чем подумать. Надеюсь, в следующем сезоне будет ещё круче.', '2025-04-21T07:31:35.502782'),
(99, 25, 'Очень интересный анализ. Согласен по всем пунктам.', '2025-05-18T04:33:35.502782'),
(99, 45, 'Интересный взгляд. Надеюсь, в следующем сезоне будет ещё круче.', '2025-05-18T04:33:35.502782'),
(99, 33, 'Интересный взгляд. Я бы добавил ещё пару мыслей.', '2025-05-18T04:33:35.502782'),
(99, 4, 'Интересный взгляд. Согласен по всем пунктам.', '2025-05-18T04:33:35.502782'),
(99, 15, 'Отличный пост! Хорошее наблюдение.', '2025-05-18T04:33:35.502782'),
(100, 2, 'Спасибо за мнение! Согласен по всем пунктам.', '2025-04-27T17:40:35.502782'),
(100, 29, 'Интересный взгляд. Согласен по всем пунктам.', '2025-04-27T17:40:35.502782'),
(100, 23, 'Спасибо за мнение! Надеюсь, в следующем сезоне будет ещё круче.', '2025-04-27T17:40:35.502782'),
(100, 28, 'Очень интересный анализ. Хорошее наблюдение.', '2025-04-27T17:40:35.502782'),
(100, 43, 'Полностью согласен. С нетерпением жду продолжения.', '2025-04-27T17:40:35.502782');